"gwasID","Bolting","InitLeafLen","log_BbLe_max","resid_bolting"
10022,1,28,2.48490665,0.410258387402651
6039,0,33,2.079441542,1.48820103531196
8329,1,30,3.912023005,1.83737474240266
6914,0,30,3.583518938,2.99227843131179
6924,0,23,0.693147181,0.101906674311794
6927,0,37,0,-0.591240506688205
7298,1,45,2.48490665,0.410258387402662
6932,1,24,2.63905733,0.564409067402662
7296,1,33,0,-2.07464826259734
6944,1,44,3.63758616,1.56293789740266
8310,1,35,2.890371758,0.815723495402662
6965,0,30,0,-0.591240506688205
6974,0,24,2.944438979,2.35319847231179
7258,1,31,0,-2.07464826259734
8314,1,24,2.833213344,0.758565081402662
8237,0,37,0,-0.591240506688205
6008,1,28,3.526360525,1.45171226240266
6971,0,51,0,-0.591240506688205
6968,0,24,0.693147181,0.101906674311794
6917,0,35,0,-0.591240506688205
8246,0,25,0.693147181,0.101906674311794
7515,0,23,0,-0.591240506688205
8234,0,25,1.945910149,1.35466964231179
6923,1,23,3.871201011,1.79655274840266
6961,0,38,0,-0.591240506688205
6901,0,12,3.17805383,2.58681332331179
6243,0,38,2.63905733,2.04781682331179
6040,0,22,0,-0.591240506688205
6074,0,38,0,-0.591240506688205
8300,0,21,1.609437912,1.01819740531179
6915,0,30,0,-0.591240506688205
7133,1,25,1.386294361,-0.688353901597338
7525,0,26,0,-0.591240506688205
7417,0,26,0,-0.591240506688205
8389,1,35,1.609437912,-0.465210350597338
7523,0,34,0,-0.591240506688205
8419,1,39,3.871201011,1.79655274840266
6916,0,31,0,-0.591240506688205
8388,1,32,1.945910149,-0.128738113597338
6910,1,30,1.791759469,-0.282888793597338
6919,0,15,0,-0.591240506688205
6903,0,19,0,-0.591240506688205
8222,0,41,0,-0.591240506688205
8337,0,30,0,-0.591240506688205
6904,0,36,0,-0.591240506688205
6936,0,42,2.397895273,1.80665476631179
7521,0,23,0.693147181,0.101906674311794
8326,0,40,0,-0.591240506688205
8312,1,41,0,-2.07464826259734
7438,0,41,0,-0.591240506688205
8259,0,34,0,-0.591240506688205
6940,1,18,0,-2.07464826259734
8283,0,22,0,-0.591240506688205
7522,0,30,0,-0.591240506688205
8351,0,28,0,-0.591240506688205
6909,0,36,1.098612289,0.507371782311795
6982,1,28,1.098612289,-0.976035973597338
6009,0,26,0,-0.591240506688205
6900,0,24,0,-0.591240506688205
6938,0,30,0,-0.591240506688205
7327,0,43,1.791759469,1.20051896231179
6939,1,27,1.791759469,-0.282888793597338
8311,1,27,0,-2.07464826259734
8274,0,41,0,-0.591240506688205
7461,0,25,1.098612289,0.507371782311795
6992,1,30,3.713572067,1.63892380440266
6945,0,36,0,-0.591240506688205
8215,0,32,0,-0.591240506688205
6926,1,36,2.079441542,0.00479327940266198
6953,0,28,0,-0.591240506688205
8247,0,27,0,-0.591240506688205
7081,1,27,1.098612289,-0.976035973597338
7415,1,14,0,-2.07464826259734
6928,0,35,0,-0.591240506688205
7524,0,30,0,-0.591240506688205
8271,0,22,0,-0.591240506688205
6922,1,20,1.791759469,-0.282888793597338
7300,0,31,0,-0.591240506688205
8378,1,20,3.688879454,1.61423119140266
6960,1,32,0.693147181,-1.38150108159734
9058,0,33,0,-0.591240506688205
6929,0,30,0.693147181,0.101906674311794
8334,0,40,1.098612289,0.507371782311795
6956,0,35,0,-0.591240506688205
8258,0,26,0,-0.591240506688205
8412,1,31,3.688879454,1.61423119140266
8366,0,34,1.098612289,0.507371782311795
8426,1,23,0,-2.07464826259734
6970,0,34,3.091042453,2.49980194631179
6709,0,30,0,-0.591240506688205
6906,1,25,0,-2.07464826259734
6959,1,35,1.098612289,-0.976035973597338
8214,0,15,0,-0.591240506688205
8231,0,31,0,-0.591240506688205
7015,1,33,3.044522438,0.969874175402662
7033,0,27,0,-0.591240506688205
6977,0,26,0,-0.591240506688205
6946,0,20,1.386294361,0.795053854311795
6951,0,34,0,-0.591240506688205
8270,0,40,0.693147181,0.101906674311794
6963,1,43,3.761200116,1.68655185340266
7275,1,11,1.386294361,-0.688353901597338
6987,1,34,0.693147181,-1.38150108159734
6918,0,31,0,-0.591240506688205
6930,1,33,0,-2.07464826259734
6981,1,32,3.258096538,1.18344827540266
8422,0,30,0.693147181,0.101906674311794
6899,1,22,0,-2.07464826259734
8233,0,25,0,-0.591240506688205
8285,1,35,0.693147181,-1.38150108159734
8424,0,45,1.609437912,1.01819740531179
6975,0,30,1.609437912,1.01819740531179
6969,0,29,0,-0.591240506688205
8386,0,26,0,-0.591240506688205
6978,1,20,2.63905733,0.564409067402662
8323,1,26,0.693147181,-1.38150108159734
7287,0,28,0.693147181,0.101906674311794
9057,0,30,0,-0.591240506688205
6979,1,31,0.693147181,-1.38150108159734
6937,0,35,1.791759469,1.20051896231179
6962,1,15,3.583518938,1.50887067540266
8213,1,34,2.48490665,0.410258387402662
8304,1,22,3.33220451,1.25755624740266
8343,1,26,3.526360525,1.45171226240266
6909,1,20,1.098612289,-0.976035973597338
6976,0,35,0.693147181,0.101906674311794
6920,0,25,0,-0.591240506688205
6897,0,27,1.609437912,1.01819740531179
6967,1,31,0.693147181,-1.38150108159734
8354,1,34,1.098612289,-0.976035973597338
8256,0,25,0,-0.591240506688205
6980,0,29,0,-0.591240506688205
7323,1,35,1.791759469,-0.282888793597338
8325,1,33,1.791759469,-0.282888793597338
6043,0,24,3.218875825,2.62763531831179
8275,0,25,0,-0.591240506688205
6966,0,30,0,-0.591240506688205
8430,0,38,0.693147181,0.101906674311794
6958,0,38,0,-0.591240506688205
8313,0,23,0.693147181,0.101906674311794
6898,1,23,3.713572067,1.63892380440266
6983,0,30,0,-0.591240506688205
6972,1,25,3.33220451,1.25755624740266
8242,0,41,0,-0.591240506688205
8241,0,35,0,-0.591240506688205
6933,0,26,0,-0.591240506688205
8306,0,26,0.693147181,0.101906674311794
8290,1,31,0.693147181,-1.38150108159734
8395,0,40,0,-0.591240506688205
7514,0,31,0,-0.591240506688205
6943,1,23,1.791759469,-0.282888793597338
8284,0,21,0,-0.591240506688205
7418,1,40,0,-2.07464826259734
5719,0,39,0.693147181,0.101906674311794
6931,1,35,1.386294361,-0.688353901597338
8335,0,29,0.693147181,0.101906674311794
8376,0,30,0.693147181,0.101906674311794
8353,1,41,3.33220451,1.25755624740266
7186,1,31,2.197224577,0.122576314402662
7520,0,28,0,-0.591240506688205
6988,0,45,0,-0.591240506688205
7207,0,36,0,-0.591240506688205
6984,1,22,1.791759469,-0.282888793597338
6016,0,31,0,-0.591240506688205
8243,0,32,0,-0.591240506688205
7516,0,40,3.17805383,2.58681332331179
6911,0,37,3.135494216,2.54425370931179
7517,0,41,2.63905733,2.04781682331179
8369,0,19,0,-0.591240506688205
6942,1,32,1.791759469,-0.282888793597338
7413,1,25,3.044522438,0.969874175402662
7223,0,30,0,-0.591240506688205
8387,1,29,2.944438979,0.869790716402662
6907,0,23,0,-0.591240506688205
8230,0,30,2.833213344,2.24197283731179
8420,1,36,1.945910149,-0.128738113597338
6046,0,20,0,-0.591240506688205
8235,0,19,0,-0.591240506688205
8365,1,26,2.944438979,0.869790716402662
8374,1,30,0,-2.07464826259734
8239,1,38,1.098612289,-0.976035973597338
6964,0,30,0,-0.591240506688205
8244,0,18,2.197224577,1.60598407031179
7526,0,36,0,-0.591240506688205
7373,1,44,3.17805383,1.10340556740266
6921,0,26,0,-0.591240506688205
6985,1,30,1.098612289,-0.976035973597338
8296,1,36,0,-2.07464826259734
6042,1,28,2.079441542,0.00479327940266198
5837,1,30,0.693147181,-1.38150108159734
8236,0,20,1.098612289,0.507371782311795
6830,0,15,0,-0.591240506688205
8297,0,30,0,-0.591240506688205
8245,0,25,0,-0.591240506688205
8238,1,40,1.609437912,-0.465210350597338
8249,0,21,0,-0.591240506688205
6913,0,28,0,-0.591240506688205
8337,0,25,0.693147181,0.101906674311794
6924,1,20,1.609437912,-0.465210350597338
6903,0,23,0.693147181,0.101906674311794
8334,0,30,0,-0.591240506688205
8234,0,31,0,-0.591240506688205
8233,0,30,2.48490665,1.89366614331179
8275,0,32,1.098612289,0.507371782311795
6958,0,27,2.079441542,1.48820103531179
6982,1,35,1.386294361,-0.688353901597338
7524,0,33,0,-0.591240506688205
7186,1,30,4.369447852,2.29479958940266
6966,0,31,0.693147181,0.101906674311794
8238,1,40,2.995732274,0.921084011402662
8256,0,26,0,-0.591240506688205
7520,1,33,2.890371758,0.815723495402662
8297,0,30,1.609437912,1.01819740531179
5837,1,34,0.693147181,-1.38150108159734
6922,1,20,1.791759469,-0.282888793597338
7323,1,37,3.688879454,1.61423119140266
6921,0,30,2.944438979,2.35319847231179
6916,1,33,0,-2.07464826259734
8325,1,43,4.110873864,2.03622560140266
8312,0,31,0.693147181,0.101906674311794
8246,0,30,1.791759469,1.20051896231179
8243,0,36,1.609437912,1.01819740531179
7515,0,17,1.791759469,1.20051896231179
8270,1,38,0,-2.07464826259734
6913,0,30,0,-0.591240506688205
7461,0,24,1.609437912,1.01819740531179
8387,1,31,3.135494216,1.06084595340266
6042,1,41,3.610917913,1.53626965040266
8235,0,15,0,-0.591240506688205
6039,0,26,0,-0.591240506688205
8374,1,29,2.772588722,0.697940459402662
8244,0,21,0.693147181,0.101906674311794
8241,0,31,1.791759469,1.20051896231179
7015,1,42,3.610917913,1.53626965040266
9057,0,25,0,-0.591240506688205
8365,1,30,3.688879454,1.61423119140266
6907,0,24,1.098612289,0.507371782311795
8354,1,40,0.693147181,-1.38150108159734
7438,1,38,0,-2.07464826259734
10022,0,39,0,-0.591240506688205
6923,1,30,1.609437912,-0.465210350597338
6914,0,30,0,-0.591240506688205
6926,1,33,2.079441542,0.00479327940266198
8296,1,26,0,-2.07464826259734
8237,0,34,0,-0.591240506688205
8343,1,29,0,-2.07464826259734
6900,0,17,0.693147181,0.101906674311794
6978,1,21,2.944438979,0.869790716402662
6919,0,12,0,-0.591240506688205
6992,0,32,0,-0.591240506688205
7517,0,40,0,-0.591240506688205
9058,0,31,0,-0.591240506688205
7327,0,41,0.693147181,0.101906674311794
8311,0,31,0,-0.591240506688205
6009,0,28,0,-0.591240506688205
6016,0,39,0,-0.591240506688205
8388,0,35,0,-0.591240506688205
6940,1,24,0,-2.07464826259734
6936,0,32,0,-0.591240506688205
8249,0,21,0,-0.591240506688205
6040,0,20,0,-0.591240506688205
6980,0,40,2.772588722,2.18134821531179
8231,0,26,0,-0.591240506688205
7417,0,22,0,-0.591240506688205
6933,0,30,0.693147181,0.101906674311794
6961,1,49,3.258096538,1.18344827540266
6910,1,35,3.850147602,1.77549933940266
6043,0,21,0,-0.591240506688205
6981,1,39,1.609437912,-0.465210350597338
8236,0,20,0,-0.591240506688205
6929,1,39,2.708050201,0.633401938402662
6943,1,23,1.386294361,-0.688353901597338
6074,0,37,0,-0.591240506688205
6927,0,32,1.791759469,1.20051896231179
6967,1,29,3.737669618,1.66302135540266
7514,0,28,0,-0.591240506688205
6932,0,25,0,-0.591240506688205
6917,0,38,0,-0.591240506688205
7300,0,34,0.693147181,0.101906674311794
7415,1,20,0,-2.07464826259734
6977,0,35,0,-0.591240506688205
6971,0,40,0,-0.591240506688205
7133,1,26,0,-2.07464826259734
6918,0,40,2.397895273,1.80665476631179
8335,0,19,0,-0.591240506688205
6963,0,31,0,-0.591240506688205
6969,0,35,0,-0.591240506688205
7526,0,34,1.386294361,0.795053854311795
6911,0,40,0,-0.591240506688205
8420,1,30,1.386294361,-0.688353901597338
8271,0,24,2.197224577,1.60598407031179
8222,0,36,0,-0.591240506688205
6953,0,30,0.693147181,0.101906674311794
6928,0,33,0,-0.591240506688205
6945,0,45,0,-0.591240506688205
7523,0,35,0,-0.591240506688205
6975,0,38,0,-0.591240506688205
7298,1,35,1.791759469,-0.282888793597338
7223,0,24,0,-0.591240506688205
7521,0,33,0.693147181,0.101906674311794
6946,1,36,3.761200116,1.68655185340266
6909,0,27,1.945910149,1.35466964231179
6830,1,32,2.48490665,0.410258387402662
7033,0,30,0,-0.591240506688205
8284,0,33,0.693147181,0.101906674311794
6962,1,36,4.219507705,2.14485944240266
6909,0,32,0,-0.591240506688205
8306,0,24,0,-0.591240506688205
6988,0,54,0,-0.591240506688205
6979,1,30,3.871201011,1.79655274840266
6974,0,31,0,-0.591240506688205
6972,1,41,1.098612289,-0.976035973597338
8214,0,13,0,-0.591240506688205
6968,0,29,0,-0.591240506688205
6983,0,37,0,-0.591240506688205
6709,0,38,0,-0.591240506688205
8353,1,43,1.098612289,-0.976035973597338
8310,1,37,0.693147181,-1.38150108159734
8395,1,39,0,-2.07464826259734
8386,0,26,0.693147181,0.101906674311794
8245,1,25,1.609437912,-0.465210350597338
8329,1,28,3.401197382,1.32654911940266
8430,0,43,0,-0.591240506688205
7516,0,33,0,-0.591240506688205
6951,0,29,0,-0.591240506688205
8285,0,34,0,-0.591240506688205
6898,1,30,1.098612289,-0.976035973597338
8313,1,23,0,-2.07464826259734
8323,1,34,0,-2.07464826259734
6243,1,39,0,-2.07464826259734
6899,1,27,0,-2.07464826259734
8378,0,30,0,-0.591240506688205
8258,0,26,0,-0.591240506688205
6960,0,35,0,-0.591240506688205
7413,1,29,0.693147181,-1.38150108159734
8259,0,34,0,-0.591240506688205
6939,1,30,1.386294361,-0.688353901597338
8230,0,33,0,-0.591240506688205
8424,0,40,0,-0.591240506688205
6906,1,22,2.079441542,0.00479327940266198
6965,0,27,0,-0.591240506688205
6985,1,38,0,-2.07464826259734
7258,1,34,3.091042453,1.01639419040266
8426,1,20,0,-2.07464826259734
6956,0,33,0,-0.591240506688205
6942,1,39,2.995732274,0.921084011402662
8389,0,38,0,-0.591240506688205
6937,0,40,0,-0.591240506688205
6930,1,41,3.970291914,1.89564365140266
6959,0,27,0,-0.591240506688205
8366,0,38,0,-0.591240506688205
7275,1,20,0,-2.07464826259734
7207,0,28,1.098612289,0.507371782311795
6987,1,38,2.397895273,0.323247010402662
6984,0,26,0,-0.591240506688205
8314,0,25,0,-0.591240506688205
7373,1,45,0,-2.07464826259734
8247,0,26,0,-0.591240506688205
6915,0,30,0,-0.591240506688205
6920,0,23,0,-0.591240506688205
7522,0,33,0,-0.591240506688205
8369,0,30,0,-0.591240506688205
7081,0,21,0,-0.591240506688205
6976,0,30,0,-0.591240506688205
8376,0,31,0,-0.591240506688205
8419,0,39,0,-0.591240506688205
6931,1,37,1.609437912,-0.465210350597338
8351,0,26,0,-0.591240506688205
8242,0,33,0,-0.591240506688205
8239,1,44,0,-2.07464826259734
8290,1,40,4.060443011,1.98579474840266
7287,1,33,1.609437912,-0.465210350597338
6904,0,33,1.791759469,1.20051896231179
8283,0,21,0,-0.591240506688205
7418,1,26,0,-2.07464826259734
8300,0,26,0,-0.591240506688205
8274,0,38,0,-0.591240506688205
6964,0,23,0,-0.591240506688205
6938,1,26,3.871201011,1.79655274840266
8304,1,22,1.791759469,-0.282888793597338
8215,0,31,0,-0.591240506688205
5719,0,33,2.995732274,2.40449176731179
6046,0,21,1.945910149,1.35466964231179
8412,1,42,4.143134726,2.06848646340266
7525,0,31,0,-0.591240506688205
8326,0,39,0,-0.591240506688205
6970,0,33,2.197224577,1.60598407031179
7296,0,30,0,-0.591240506688205
6897,0,26,0,-0.591240506688205
8213,1,38,0,-2.07464826259734
8422,0,31,0,-0.591240506688205
6944,1,42,0,-2.07464826259734
6008,1,30,4.143134726,2.06848646340266
6901,0,20,0,-0.591240506688205
6043,0,21,0,-0.591240506688205
6008,1,28,4.521788577,2.44714031440266
8374,1,33,0.693147181,-1.38150108159734
6906,1,25,4.510859507,2.43621124440266
8245,0,24,1.386294361,0.795053854311795
8236,0,20,0.693147181,0.101906674311794
6926,1,36,2.302585093,0.227936830402662
6911,0,30,0,-0.591240506688205
8337,0,20,0,-0.591240506688205
8241,0,37,1.386294361,0.795053854311795
8306,0,20,0.693147181,0.101906674311794
8259,0,27,0,-0.591240506688205
8351,0,26,2.772588722,2.18134821531179
6910,1,40,4.418840608,2.34419234540266
6009,0,28,0,-0.591240506688205
6945,0,33,0,-0.591240506688205
8290,1,32,4.143134726,2.06848646340266
6966,0,30,1.386294361,0.795053854311795
6978,1,21,2.890371758,0.815723495402662
7523,0,26,3.36729583,2.7760553233118
8244,0,24,0,-0.591240506688205
8325,1,39,4.204692619,2.13004435640266
6985,1,41,3.663561646,1.58891338340266
6040,0,23,1.098612289,0.507371782311795
8430,0,30,1.098612289,0.507371782311795
6900,0,24,2.079441542,1.48820103531179
8311,0,29,1.098612289,0.507371782311795
6953,0,31,0,-0.591240506688205
6984,0,29,0,-0.591240506688205
8271,0,24,1.609437912,1.01819740531179
6930,0,36,0,-0.591240506688205
6922,1,22,0,-2.07464826259734
8242,0,35,0,-0.591240506688205
8274,0,36,0,-0.591240506688205
9058,0,30,0,-0.591240506688205
6940,1,24,0,-2.07464826259734
6074,0,35,0,-0.591240506688205
6042,1,37,3.044522438,0.969874175402662
7323,1,35,4.234106505,2.15945824240266
7461,0,21,3.258096538,2.66685603131179
7516,0,33,0,-0.591240506688205
8395,0,43,0,-0.591240506688205
8300,0,19,0,-0.591240506688205
6932,1,22,3.871201011,1.79655274840266
6920,0,28,0,-0.591240506688205
8246,0,30,0,-0.591240506688205
6915,0,29,0,-0.591240506688205
6977,0,27,0,-0.591240506688205
8275,0,40,1.945910149,1.35466964231179
6016,0,37,0,-0.591240506688205
8335,0,15,2.197224577,1.60598407031179
8386,0,27,0,-0.591240506688205
6946,0,25,0.693147181,0.101906674311794
6919,0,14,2.302585093,1.71134458631179
6960,1,40,3.891820298,1.81717203540266
7526,0,33,0.693147181,0.101906674311794
8366,0,35,1.791759469,1.20051896231179
8412,1,23,3.401197382,1.32654911940266
8389,1,31,1.098612289,-0.976035973597338
6979,1,35,4.094344562,2.01969629940266
6982,0,42,1.609437912,1.01819740531179
8270,1,41,1.609437912,-0.465210350597338
8378,1,30,4.584967479,2.51031921640266
8235,0,15,0.693147181,0.101906674311794
6992,1,31,3.583518938,1.50887067540266
8310,1,34,2.944438979,0.869790716402662
8296,1,33,2.833213344,0.758565081402662
6937,1,51,4.33073334,2.25608507740266
6962,1,20,3.091042453,1.01639419040266
6897,0,33,1.098612289,0.507371782311795
7298,1,43,2.079441542,0.00479327940266198
5719,0,26,3.496507561,2.90526705431179
7413,1,28,0,-2.07464826259734
6964,0,22,0,-0.591240506688205
6898,1,35,3.496507561,1.42185929840266
7015,1,43,3.091042453,1.01639419040266
6928,0,23,0,-0.591240506688205
8388,0,35,3.17805383,2.58681332331179
6913,0,34,2.833213344,2.24197283731179
6981,1,35,3.970291914,1.89564365140266
8326,0,34,1.098612289,0.507371782311795
8343,0,28,1.098612289,0.507371782311795
6927,0,36,0,-0.591240506688205
7275,1,15,0,-2.07464826259734
6969,0,34,0,-0.591240506688205
6988,0,53,0,-0.591240506688205
6899,0,20,0,-0.591240506688205
8214,0,15,0,-0.591240506688205
6967,1,28,3.33220451,1.25755624740266
6963,1,40,0,-2.07464826259734
6970,0,31,0,-0.591240506688205
6971,0,39,0,-0.591240506688205
8285,1,36,1.791759469,-0.282888793597338
6974,0,29,0,-0.591240506688205
6923,1,23,2.397895273,0.323247010402662
6921,0,21,0,-0.591240506688205
8256,0,27,0,-0.591240506688205
6942,1,31,3.988984047,1.91433578440266
8329,1,33,4.127134385,2.05248612240266
6975,0,36,0,-0.591240506688205
6972,1,46,0.693147181,-1.38150108159734
6983,0,31,0,-0.591240506688205
6944,1,50,3.526360525,1.45171226240266
8230,0,36,0,-0.591240506688205
8239,1,32,0,-2.07464826259734
6931,1,40,3.36729583,1.29264756740266
8353,1,38,3.218875825,1.14422756240266
8365,1,25,2.079441542,0.00479327940266198
7223,0,30,0,-0.591240506688205
8369,0,21,0,-0.591240506688205
8284,0,25,0,-0.591240506688205
6958,1,34,2.833213344,0.758565081402662
7287,0,35,2.197224577,1.60598407031179
8426,1,21,1.609437912,-0.465210350597338
6929,0,33,1.609437912,1.01819740531179
8313,0,21,0,-0.591240506688205
7258,1,27,2.079441542,0.00479327940266198
7417,0,28,0,-0.591240506688205
6987,0,35,2.197224577,1.60598407031179
7327,0,36,0,-0.591240506688205
9057,0,26,0,-0.591240506688205
6965,0,30,0,-0.591240506688205
7133,1,32,2.302585093,0.227936830402662
7515,0,25,0,-0.591240506688205
6901,0,21,0,-0.591240506688205
8334,0,32,0,-0.591240506688205
6243,1,41,2.63905733,0.564409067402662
7207,1,27,0,-2.07464826259734
6917,0,31,0,-0.591240506688205
8237,0,32,0,-0.591240506688205
8231,0,23,0,-0.591240506688205
8249,0,22,0,-0.591240506688205
6959,0,25,0,-0.591240506688205
7373,0,39,1.098612289,0.507371782311795
6951,0,31,0,-0.591240506688205
8234,0,32,0,-0.591240506688205
7525,0,21,1.945910149,1.35466964231179
8258,0,16,0.693147181,0.101906674311794
6939,1,24,0,-2.07464826259734
6039,0,30,0,-0.591240506688205
6046,0,29,0,-0.591240506688205
7521,0,30,0,-0.591240506688205
7514,0,26,0,-0.591240506688205
6907,0,27,0,-0.591240506688205
7438,0,35,0,-0.591240506688205
8420,1,30,0,-2.07464826259734
8297,0,33,0,-0.591240506688205
6830,0,28,0,-0.591240506688205
6943,1,27,1.945910149,-0.128738113597338
6936,1,42,2.564949357,0.490301094402662
8419,0,39,0,-0.591240506688205
6904,0,31,0,-0.591240506688205
8314,1,24,3.135494216,1.06084595340266
8312,0,31,1.609437912,1.01819740531179
7418,1,33,2.079441542,0.00479327940266198
6709,1,25,2.772588722,0.697940459402662
8422,0,34,0,-0.591240506688205
6976,0,36,1.945910149,1.35466964231179
6968,0,30,0,-0.591240506688205
8247,0,29,0.693147181,0.101906674311794
6914,0,35,1.945910149,1.35466964231179
7186,1,24,2.772588722,0.697940459402662
7520,1,26,1.098612289,-0.976035973597338
10022,0,34,1.098612289,0.507371782311795
7033,0,26,0.693147181,0.101906674311794
6909,0,22,0,-0.591240506688205
5837,1,31,1.945910149,-0.128738113597338
6961,0,35,2.197224577,1.60598407031179
8304,1,19,1.945910149,-0.128738113597338
7522,0,32,2.397895273,1.80665476631179
7524,0,24,0,-0.591240506688205
8243,0,35,3.850147602,3.25890709531179
8283,0,23,2.397895273,1.80665476631179
8376,0,35,0,-0.591240506688205
8233,0,34,0,-0.591240506688205
6980,0,27,0,-0.591240506688205
6909,1,29,2.63905733,0.564409067402662
8213,1,29,2.890371758,0.815723495402662
8424,0,38,0,-0.591240506688205
6938,0,39,0,-0.591240506688205
7081,0,22,1.791759469,1.20051896231179
6916,1,36,4.477336814,2.40268855140266
6918,1,39,2.890371758,0.815723495402662
8215,0,30,1.791759469,1.20051896231179
8387,0,31,1.386294361,0.795053854311795
7517,0,30,0,-0.591240506688205
6903,0,19,1.945910149,1.35466964231179
8222,0,37,1.098612289,0.507371782311795
8238,1,38,3.931825633,1.85717737040266
8354,1,36,3.970291914,1.89564365140266
7300,0,35,0.693147181,0.101906674311794
6933,0,30,0.693147181,0.101906674311794
7415,0,19,2.197224577,1.60598407031179
8323,1,35,0.693147181,-1.38150108159734
6956,0,34,1.791759469,1.20051896231179
6924,0,22,0,-0.591240506688205
7296,0,30,0,-0.591240506688205
8222,0,43,1.945910149,1.35466964231179
6913,0,29,0,-0.591240506688205
6243,0,33,1.386294361,0.795053854311795
8247,0,25,0,-0.591240506688205
6981,1,27,4.219507705,2.14485944240266
6830,1,38,3.218875825,1.14422756240266
7015,0,40,0,-0.591240506688205
8241,0,37,1.609437912,1.01819740531179
6962,1,19,1.791759469,-0.282888793597338
6897,0,32,0,-0.591240506688205
7516,0,41,4.17438727,3.58314676331179
6928,0,29,0,-0.591240506688205
8213,1,30,2.302585093,0.227936830402662
8214,0,13,0,-0.591240506688205
6964,0,21,2.48490665,1.89366614331179
6966,0,35,0,-0.591240506688205
6921,0,27,0.693147181,0.101906674311794
8374,0,34,0,-0.591240506688205
8312,1,33,1.945910149,-0.128738113597338
6008,1,32,4.204692619,2.13004435640266
8412,0,37,0,-0.591240506688205
7258,1,37,2.397895273,0.323247010402662
6987,0,30,3.784189634,3.19294912731179
7523,0,41,0,-0.591240506688205
8238,1,30,0.693147181,-1.38150108159734
8231,0,30,1.386294361,0.795053854311795
8323,0,31,0,-0.591240506688205
6900,0,23,3.044522438,2.45328193131179
7081,1,27,1.386294361,-0.688353901597338
6040,0,26,0.693147181,0.101906674311794
6709,0,31,0,-0.591240506688205
6942,1,36,4.304065093,2.22941683040266
8246,0,28,0,-0.591240506688205
7514,0,30,0,-0.591240506688205
6940,1,23,0,-2.07464826259734
8271,0,29,0,-0.591240506688205
8306,0,20,0,-0.591240506688205
8237,0,39,3.555348061,2.96410755431179
8386,0,25,0.693147181,0.101906674311794
8311,0,24,0,-0.591240506688205
6923,1,24,3.555348061,1.48069979840266
6911,0,23,1.098612289,0.507371782311795
6910,1,34,3.850147602,1.77549933940266
8275,0,35,0,-0.591240506688205
6968,0,30,0,-0.591240506688205
8343,1,22,1.945910149,-0.128738113597338
7327,0,45,0.693147181,0.101906674311794
6919,0,11,0,-0.591240506688205
7417,0,25,0,-0.591240506688205
6961,0,43,0.693147181,0.101906674311794
8378,0,33,1.791759469,1.20051896231179
8256,1,26,0,-2.07464826259734
8235,0,20,0,-0.591240506688205
6927,0,35,3.891820298,3.30057979131179
6932,1,21,3.17805383,1.10340556740266
6922,1,21,1.791759469,-0.282888793597338
6915,0,25,1.386294361,0.795053854311795
8420,1,33,2.48490665,0.410258387402662
8233,0,27,1.098612289,0.507371782311795
8369,0,26,0,-0.591240506688205
6939,1,27,2.564949357,0.490301094402662
7413,1,17,2.302585093,0.227936830402662
7186,1,40,3.135494216,1.06084595340266
7524,0,27,0.693147181,0.101906674311794
8284,0,25,0,-0.591240506688205
6937,1,50,1.386294361,-0.688353901597338
6943,1,29,3.784189634,1.70954137140266
8366,0,26,0,-0.591240506688205
8242,0,38,3.091042453,2.49980194631179
10022,0,40,1.386294361,0.795053854311795
8290,1,29,2.772588722,0.697940459402662
8234,0,30,0.693147181,0.101906674311794
6975,1,39,2.833213344,0.758565081402662
8335,0,19,0.693147181,0.101906674311794
8419,1,25,3.465735903,1.39108764040266
6972,1,36,3.258096538,1.18344827540266
6903,0,20,2.890371758,2.29913125131179
7520,1,33,1.791759469,-0.282888793597338
6914,0,30,0.693147181,0.101906674311794
6969,0,34,0,-0.591240506688205
6904,0,25,0,-0.591240506688205
6958,0,29,1.609437912,1.01819740531179
6909,0,22,0.693147181,0.101906674311794
7323,0,37,0,-0.591240506688205
8313,0,30,0,-0.591240506688205
8422,0,24,0,-0.591240506688205
7438,1,33,0.693147181,-1.38150108159734
7373,0,36,0,-0.591240506688205
7033,0,26,0,-0.591240506688205
8245,0,25,0,-0.591240506688205
6043,0,20,0,-0.591240506688205
6951,1,34,2.890371758,0.815723495402662
8304,1,26,0.693147181,-1.38150108159734
6009,0,30,0,-0.591240506688205
7223,0,31,0,-0.591240506688205
6992,0,34,1.098612289,0.507371782311795
8244,0,22,3.761200116,3.16995960931179
6929,0,38,0,-0.591240506688205
8387,0,30,0,-0.591240506688205
6988,0,51,0,-0.591240506688205
6936,0,43,3.912023005,3.32078249831179
6982,0,25,0,-0.591240506688205
6074,0,40,0,-0.591240506688205
6920,0,25,0,-0.591240506688205
9057,0,25,0,-0.591240506688205
6970,0,29,0,-0.591240506688205
6918,0,25,0,-0.591240506688205
6931,1,37,0,-2.07464826259734
6909,0,33,0,-0.591240506688205
6977,0,40,0,-0.591240506688205
8354,0,34,1.945910149,1.35466964231179
7275,1,24,3.526360525,1.45171226240266
6930,1,39,4.442651256,2.36800299340266
7525,0,38,0.693147181,0.101906674311794
6974,0,28,0,-0.591240506688205
6960,1,34,0.693147181,-1.38150108159734
7418,1,26,2.833213344,0.758565081402662
8230,0,27,0,-0.591240506688205
6906,1,23,3.433987204,1.35933894140266
6924,0,22,0,-0.591240506688205
6899,1,23,1.386294361,-0.688353901597338
8283,0,25,0,-0.591240506688205
6917,0,33,1.098612289,0.507371782311795
9058,0,27,1.098612289,0.507371782311795
8426,1,26,1.098612289,-0.976035973597338
5719,0,23,1.945910149,1.35466964231179
6985,1,28,3.044522438,0.969874175402662
8215,0,29,0,-0.591240506688205
8285,1,28,1.791759469,-0.282888793597338
6933,0,31,2.564949357,1.97370885031179
8236,0,15,0,-0.591240506688205
8337,0,21,0,-0.591240506688205
8395,1,40,2.302585093,0.227936830402662
7287,1,30,4.753590191,2.67894192840266
8310,0,30,0,-0.591240506688205
6971,0,41,0,-0.591240506688205
8300,0,23,0,-0.591240506688205
6907,0,21,0,-0.591240506688205
6945,0,34,3.912023005,3.32078249831179
6965,0,28,0,-0.591240506688205
6946,1,34,1.386294361,-0.688353901597338
8297,0,33,0,-0.591240506688205
8365,1,30,3.931825633,1.85717737040266
5837,0,34,0,-0.591240506688205
6978,1,19,1.098612289,-0.976035973597338
8389,0,28,3.044522438,2.45328193131179
8296,1,30,0,-2.07464826259734
8243,0,32,0,-0.591240506688205
6956,0,30,0,-0.591240506688205
8424,0,45,0,-0.591240506688205
6980,0,21,0,-0.591240506688205
6953,0,39,2.48490665,1.89366614331179
6938,0,29,0,-0.591240506688205
8258,0,20,0,-0.591240506688205
8326,0,37,3.218875825,2.62763531831179
8249,0,24,0,-0.591240506688205
8314,0,23,2.772588722,2.18134821531179
6039,0,29,0.693147181,0.101906674311794
6016,0,36,1.098612289,0.507371782311795
6959,0,30,1.098612289,0.507371782311795
8351,0,30,0,-0.591240506688205
8239,0,42,0.693147181,0.101906674311794
7517,0,43,3.091042453,2.49980194631179
6976,0,36,0.693147181,0.101906674311794
7515,0,29,0,-0.591240506688205
8259,0,22,0.693147181,0.101906674311794
8329,1,27,3.761200116,1.68655185340266
8274,0,32,0,-0.591240506688205
7300,0,35,1.098612289,0.507371782311795
7461,0,26,1.791759469,1.20051896231179
7296,0,32,0,-0.591240506688205
6916,1,26,2.890371758,0.815723495402662
6926,1,38,2.833213344,0.758565081402662
7526,0,34,0.693147181,0.101906674311794
7298,0,34,0,-0.591240506688205
6046,0,23,0,-0.591240506688205
8388,1,30,3.555348061,1.48069979840266
7133,0,25,0,-0.591240506688205
6984,1,31,3.496507561,1.42185929840266
8376,0,36,0,-0.591240506688205
6979,1,28,3.80666249,1.73201422740266
7521,0,34,1.098612289,0.507371782311795
8353,1,31,2.944438979,0.869790716402662
7522,0,30,0,-0.591240506688205
6042,0,35,0,-0.591240506688205
7415,1,24,1.098612289,-0.976035973597338
6967,1,26,1.609437912,-0.465210350597338
8270,0,34,0,-0.591240506688205
6901,0,22,0,-0.591240506688205
8334,0,33,3.044522438,2.45328193131179
6898,1,31,3.737669618,1.66302135540266
8430,0,33,0.693147181,0.101906674311794
6983,0,32,0,-0.591240506688205
7207,0,36,1.791759469,1.20051896231179
6944,0,37,0,-0.591240506688205
6963,0,39,0,-0.591240506688205
8325,1,30,3.828641396,1.75399313340266
6927,0,32,1.098612289,0.507371782311795
7373,1,43,1.386294361,-0.688353901597338
7186,1,36,3.33220451,1.25755624740266
6898,1,23,4.564348191,2.48969992840266
8259,1,32,2.995732274,0.921084011402662
7133,1,30,2.079441542,0.00479327940266198
6936,1,42,0,-2.07464826259734
8237,0,33,0,-0.591240506688205
5837,1,30,1.945910149,-0.128738113597338
6008,1,22,4.553876892,2.47922862940266
8258,0,24,0,-0.591240506688205
6975,1,44,1.791759469,-0.282888793597338
8245,1,30,0,-2.07464826259734
8234,0,21,1.386294361,0.795053854311795
8354,1,30,2.197224577,0.122576314402662
6921,0,25,3.044522438,2.45328193131179
6943,1,26,2.48490665,0.410258387402662
6899,1,23,0,-2.07464826259734
6930,1,32,3.912023005,1.83737474240266
7223,0,27,3.295836866,2.70459635931179
7520,0,25,0,-0.591240506688205
8323,0,24,3.091042453,2.49980194631179
8422,0,31,0,-0.591240506688205
6907,0,21,0.693147181,0.101906674311794
6983,0,28,0,-0.591240506688205
8424,0,43,0,-0.591240506688205
6918,0,27,0,-0.591240506688205
6900,0,20,1.098612289,0.507371782311795
8395,1,34,1.386294361,-0.688353901597338
6914,0,23,0,-0.591240506688205
6709,1,25,0,-2.07464826259734
8386,0,26,0,-0.591240506688205
6909,0,20,0.693147181,0.101906674311794
7517,0,28,1.098612289,0.507371782311795
7327,0,34,0,-0.591240506688205
6906,1,21,0,-2.07464826259734
7522,0,25,0,-0.591240506688205
8275,0,32,0.693147181,0.101906674311794
6944,1,40,4.736198448,2.66155018540266
6982,1,33,0.693147181,-1.38150108159734
8329,1,30,2.564949357,0.490301094402662
7413,1,28,2.63905733,0.564409067402662
7081,1,23,0,-2.07464826259734
6928,0,30,0,-0.591240506688205
7033,0,25,0,-0.591240506688205
7525,1,27,0,-2.07464826259734
6967,1,31,3.80666249,1.73201422740266
6988,0,34,0,-0.591240506688205
6923,1,22,3.688879454,1.61423119140266
8374,1,35,0,-2.07464826259734
6963,1,36,0,-2.07464826259734
7418,0,28,3.33220451,2.74096400331179
6046,0,18,0,-0.591240506688205
8311,1,21,1.386294361,-0.688353901597338
8238,0,41,0,-0.591240506688205
8239,0,30,0,-0.591240506688205
8242,0,32,1.386294361,0.795053854311795
6922,1,15,0,-2.07464826259734
6913,0,28,0,-0.591240506688205
6931,1,30,3.80666249,1.73201422740266
6964,0,24,0.693147181,0.101906674311794
8256,0,23,1.098612289,0.507371782311795
7514,0,23,0,-0.591240506688205
6969,0,33,0.693147181,0.101906674311794
6953,0,29,1.791759469,1.20051896231179
7415,1,20,0.693147181,-1.38150108159734
6951,0,30,0.693147181,0.101906674311794
6243,1,35,1.791759469,-0.282888793597338
8274,0,29,0,-0.591240506688205
8326,0,32,0,-0.591240506688205
6929,0,31,0,-0.591240506688205
6977,0,29,0,-0.591240506688205
8334,0,32,0,-0.591240506688205
6974,0,35,0,-0.591240506688205
8314,1,18,1.098612289,-0.976035973597338
7521,0,30,0,-0.591240506688205
8426,1,18,3.784189634,1.70954137140266
6958,1,22,0,-2.07464826259734
8214,0,17,0,-0.591240506688205
8366,1,35,0,-2.07464826259734
6933,0,34,0,-0.591240506688205
8297,0,28,0,-0.591240506688205
6971,0,40,0,-0.591240506688205
8310,1,28,0,-2.07464826259734
6987,1,23,0.693147181,-1.38150108159734
6946,1,25,0.693147181,-1.38150108159734
6959,0,30,0,-0.591240506688205
6985,1,32,3.33220451,1.25755624740266
6919,0,13,0.693147181,0.101906674311794
8388,1,31,2.708050201,0.633401938402662
8376,0,23,0,-0.591240506688205
8313,0,20,1.945910149,1.35466964231179
7287,1,27,1.386294361,-0.688353901597338
8285,1,32,1.386294361,-0.688353901597338
9058,0,25,0,-0.591240506688205
8235,0,21,0,-0.591240506688205
8351,0,21,0,-0.591240506688205
6979,0,32,4.262679877,3.67143937031179
8271,0,25,0,-0.591240506688205
8337,0,22,0,-0.591240506688205
7207,1,30,0,-2.07464826259734
6042,1,25,2.772588722,0.697940459402662
6956,0,28,0,-0.591240506688205
6040,0,23,0,-0.591240506688205
7524,0,31,0,-0.591240506688205
8243,0,32,1.386294361,0.795053854311795
7015,1,34,0,-2.07464826259734
6981,1,32,3.63758616,1.56293789740266
8369,0,16,0,-0.591240506688205
8241,0,23,0,-0.591240506688205
7516,0,25,1.609437912,1.01819740531179
5719,0,24,0,-0.591240506688205
7275,1,20,0,-2.07464826259734
6992,1,23,2.995732274,0.921084011402662
6009,0,21,0,-0.591240506688205
6904,0,30,0,-0.591240506688205
6978,1,15,2.302585093,0.227936830402662
8231,0,25,0,-0.591240506688205
7298,1,35,1.791759469,-0.282888793597338
8365,0,29,3.17805383,2.58681332331179
6939,0,36,0,-0.591240506688205
8246,0,30,0,-0.591240506688205
6945,0,33,0,-0.591240506688205
6043,0,29,0,-0.591240506688205
6980,1,33,0,-2.07464826259734
8353,1,37,4.430816799,2.35616853640266
10022,1,30,0,-2.07464826259734
6965,0,30,0,-0.591240506688205
6976,0,32,2.48490665,1.89366614331179
8270,1,26,0,-2.07464826259734
8335,0,24,0.693147181,0.101906674311794
7461,1,23,1.098612289,-0.976035973597338
6942,1,26,1.386294361,-0.688353901597338
8412,0,32,3.970291914,3.37905140731179
7515,0,27,0,-0.591240506688205
8215,0,20,0,-0.591240506688205
7438,0,29,0,-0.591240506688205
7523,0,29,1.098612289,0.507371782311795
6968,0,26,0,-0.591240506688205
8420,1,30,0,-2.07464826259734
8283,0,23,0,-0.591240506688205
6924,1,20,0,-2.07464826259734
6917,0,27,1.386294361,0.795053854311795
7526,0,25,0,-0.591240506688205
8247,0,26,0,-0.591240506688205
8284,0,22,2.564949357,1.97370885031179
8236,1,16,0,-2.07464826259734
6903,1,23,0,-2.07464826259734
8300,1,16,1.609437912,-0.465210350597338
6938,1,26,0,-2.07464826259734
8312,0,30,0,-0.591240506688205
8389,0,33,0.693147181,0.101906674311794
8387,0,23,0.693147181,0.101906674311794
6909,1,32,0.693147181,-1.38150108159734
8230,0,33,0,-0.591240506688205
6911,1,24,0,-2.07464826259734
8430,0,31,0,-0.591240506688205
6984,1,33,3.63758616,1.56293789740266
8304,0,21,1.609437912,1.01819740531179
6972,1,34,1.098612289,-0.976035973597338
8213,1,22,4.189654742,2.11500647940266
6920,0,31,0.693147181,0.101906674311794
8249,0,20,0,-0.591240506688205
7258,1,31,0,-2.07464826259734
6937,0,37,0,-0.591240506688205
7300,0,29,0,-0.591240506688205
6897,0,28,2.397895273,1.80665476631179
8306,0,17,0,-0.591240506688205
8290,1,26,1.386294361,-0.688353901597338
8419,1,22,1.609437912,-0.465210350597338
8296,1,28,3.295836866,1.22118860340266
8325,1,39,4.304065093,2.22941683040266
6039,1,33,0,-2.07464826259734
8244,0,20,0,-0.591240506688205
8233,0,28,0,-0.591240506688205
8222,0,30,0,-0.591240506688205
8378,1,29,0,-2.07464826259734
6960,1,30,0,-2.07464826259734
7417,0,23,0,-0.591240506688205
6016,0,30,0,-0.591240506688205
6970,0,32,0,-0.591240506688205
6940,1,20,1.386294361,-0.688353901597338
6962,1,15,4.110873864,2.03622560140266
6916,0,27,1.791759469,1.20051896231179
6932,1,25,2.302585093,0.227936830402662
6966,0,30,0,-0.591240506688205
7323,1,31,1.945910149,-0.128738113597338
6915,0,24,0,-0.591240506688205
6074,0,27,0,-0.591240506688205
6961,0,30,0,-0.591240506688205
7296,1,24,1.609437912,-0.465210350597338
6830,1,30,4.543294782,2.46864651940266
6901,0,17,3.988984047,3.3977435403118
6926,1,21,2.995732274,0.921084011402662
8343,1,22,2.302585093,0.227936830402662
6910,1,26,3.433987204,1.35933894140266
9057,0,24,1.098612289,0.507371782311795
6939,1,29,1.609437912,-0.465210350597338
7514,0,25,0,-0.591240506688205
6903,1,21,1.791759469,-0.282888793597338
8231,0,25,0,-0.591240506688205
6969,0,26,0,-0.591240506688205
8238,1,34,3.688879454,1.61423119140266
6981,1,24,4.304065093,2.22941683040266
6946,0,24,1.609437912,1.01819740531179
8306,0,17,0,-0.591240506688205
7207,0,24,1.791759469,1.20051896231179
6920,0,23,0,-0.591240506688205
7287,1,35,1.945910149,-0.128738113597338
7296,0,29,1.386294361,0.795053854311795
8245,1,34,0.693147181,-1.38150108159734
7186,1,30,3.871201011,1.79655274840266
6901,0,20,2.564949357,1.97370885031179
6904,0,21,0,-0.591240506688205
6964,0,24,0,-0.591240506688205
6074,0,31,0,-0.591240506688205
9058,0,30,0,-0.591240506688205
8222,0,37,0,-0.591240506688205
8230,0,26,0,-0.591240506688205
7373,1,32,3.044522438,0.969874175402662
6974,0,24,0.693147181,0.101906674311794
8314,0,25,3.63758616,3.04634565331179
8422,0,30,0,-0.591240506688205
6965,0,21,0,-0.591240506688205
6942,1,27,4.49980967,2.42516140740266
8430,0,30,2.397895273,1.80665476631179
8351,0,28,2.772588722,2.18134821531179
8290,0,30,3.555348061,2.96410755431179
6921,0,26,0,-0.591240506688205
6929,1,34,2.397895273,0.323247010402662
6951,1,25,2.397895273,0.323247010402662
7415,1,21,1.386294361,-0.688353901597338
6987,1,27,1.945910149,-0.128738113597338
8335,0,20,0,-0.591240506688205
7522,0,23,0,-0.591240506688205
7300,0,29,0,-0.591240506688205
8242,0,31,0,-0.591240506688205
7517,0,31,2.302585093,1.71134458631179
8412,1,34,0,-2.07464826259734
7523,0,30,0,-0.591240506688205
8215,1,25,3.871201011,1.79655274840266
6945,0,35,1.945910149,1.35466964231179
6963,1,39,0,-2.07464826259734
8236,0,19,0,-0.591240506688205
8284,0,30,0,-0.591240506688205
8334,0,27,2.397895273,1.80665476631179
7521,0,23,1.609437912,1.01819740531179
8234,0,26,0.693147181,0.101906674311794
8337,0,17,0,-0.591240506688205
6985,1,30,3.36729583,1.29264756740266
6979,1,34,4.204692619,2.13004435640266
6923,1,20,3.850147602,1.77549933940266
8296,1,31,2.944438979,0.869790716402662
5837,1,30,0,-2.07464826259734
6976,0,24,0,-0.591240506688205
8214,0,19,0,-0.591240506688205
7520,1,25,1.098612289,-0.976035973597338
8329,1,22,3.663561646,1.58891338340266
6943,1,23,3.218875825,1.14422756240266
8388,1,23,3.135494216,1.06084595340266
7015,1,33,3.091042453,1.01639419040266
6936,0,32,2.397895273,1.80665476631179
8395,1,40,3.737669618,1.66302135540266
6709,1,24,0,-2.07464826259734
8271,0,26,0,-0.591240506688205
6932,1,25,1.386294361,-0.688353901597338
7413,1,27,2.302585093,0.227936830402662
6926,1,30,4.094344562,2.01969629940266
6930,1,30,4.317488114,2.24283985140266
8243,0,24,1.945910149,1.35466964231179
8249,0,25,0,-0.591240506688205
6971,0,37,0,-0.591240506688205
8426,1,20,1.098612289,-0.976035973597338
6918,0,23,0,-0.591240506688205
8326,0,34,0,-0.591240506688205
6243,1,33,1.386294361,-0.688353901597338
6910,1,26,3.80666249,1.73201422740266
6909,1,18,1.098612289,-0.976035973597338
6960,1,22,0,-2.07464826259734
7298,1,20,2.48490665,0.410258387402662
6959,0,28,0,-0.591240506688205
5719,0,35,0,-0.591240506688205
6978,1,22,2.302585093,0.227936830402662
8313,1,17,1.945910149,-0.128738113597338
7516,0,35,1.945910149,1.35466964231179
8247,0,26,0,-0.591240506688205
8311,1,27,1.609437912,-0.465210350597338
8297,0,29,0,-0.591240506688205
8366,1,30,1.386294361,-0.688353901597338
8353,1,25,3.891820298,1.81717203540266
6039,0,31,1.098612289,0.507371782311795
7033,0,24,0,-0.591240506688205
8244,0,18,2.772588722,2.18134821531179
8424,0,35,0.693147181,0.101906674311794
6980,0,33,0,-0.591240506688205
6042,1,30,3.663561646,1.58891338340266
6944,0,34,2.197224577,1.60598407031179
8300,1,25,2.197224577,0.122576314402662
6898,1,30,4.077537444,2.00288918140266
8270,1,26,1.098612289,-0.976035973597338
8374,1,35,0,-2.07464826259734
6982,0,32,1.791759469,1.20051896231179
6968,0,34,0,-0.591240506688205
8378,1,25,0.693147181,-1.38150108159734
6972,1,37,0,-2.07464826259734
8283,0,23,3.258096538,2.66685603131179
8256,0,24,3.044522438,2.45328193131179
6956,0,26,0,-0.591240506688205
6970,1,30,3.258096538,1.18344827540266
8376,0,21,0,-0.591240506688205
6933,0,29,0.693147181,0.101906674311794
6917,0,26,0,-0.591240506688205
6937,1,34,2.944438979,0.869790716402662
6927,0,23,0,-0.591240506688205
8246,0,26,0,-0.591240506688205
8312,0,30,2.890371758,2.29913125131179
6008,1,32,3.610917913,1.53626965040266
6922,0,23,1.791759469,1.20051896231179
8235,0,18,0.693147181,0.101906674311794
7525,0,19,0,-0.591240506688205
6916,0,32,1.098612289,0.507371782311795
10022,1,27,0.693147181,-1.38150108159734
8237,0,35,0,-0.591240506688205
8354,1,25,2.833213344,0.758565081402662
6938,1,34,0.693147181,-1.38150108159734
7461,1,23,0.693147181,-1.38150108159734
6983,0,35,0.693147181,0.101906674311794
6915,0,21,2.197224577,1.60598407031179
9057,0,20,1.609437912,1.01819740531179
8258,0,18,2.772588722,2.18134821531179
8310,1,31,0,-2.07464826259734
7223,0,21,0,-0.591240506688205
8323,0,25,0,-0.591240506688205
6830,1,20,0,-2.07464826259734
8304,1,21,1.386294361,-0.688353901597338
6900,0,20,0,-0.591240506688205
6975,1,30,3.36729583,1.29264756740266
6940,1,20,1.609437912,-0.465210350597338
6907,1,30,1.791759469,-0.282888793597338
7524,0,22,1.386294361,0.795053854311795
6919,0,9,0,-0.591240506688205
6967,1,20,4.219507705,2.14485944240266
6911,0,15,0,-0.591240506688205
8419,0,17,0.693147181,0.101906674311794
6992,0,25,2.197224577,1.60598407031179
8259,0,23,0,-0.591240506688205
8213,1,34,4.727387819,2.65273955640266
8233,0,20,0.693147181,0.101906674311794
6913,0,24,0,-0.591240506688205
8369,0,20,0,-0.591240506688205
6966,0,35,1.098612289,0.507371782311795
7515,0,20,0,-0.591240506688205
6043,0,17,0,-0.591240506688205
8365,1,17,3.663561646,1.58891338340266
7275,1,18,1.386294361,-0.688353901597338
8274,0,25,0,-0.591240506688205
8389,1,24,1.609437912,-0.465210350597338
6988,0,33,0,-0.591240506688205
6931,1,35,4.779123493,2.70447523040266
7323,1,30,0,-2.07464826259734
6016,0,35,0,-0.591240506688205
8420,1,20,0,-2.07464826259734
8386,0,28,0,-0.591240506688205
8325,1,35,3.951243719,1.87659545640266
8387,1,25,0,-2.07464826259734
6909,1,27,0.693147181,-1.38150108159734
7438,0,31,0,-0.591240506688205
6953,0,26,1.386294361,0.795053854311795
6914,0,30,0,-0.591240506688205
7417,0,22,0,-0.591240506688205
6958,0,21,1.098612289,0.507371782311795
8239,0,28,2.302585093,1.71134458631179
7526,0,30,0,-0.591240506688205
6924,1,21,0.693147181,-1.38150108159734
8241,0,35,1.609437912,1.01819740531179
7258,1,29,3.737669618,1.66302135540266
7327,0,34,0,-0.591240506688205
6897,0,26,0.693147181,0.101906674311794
8343,0,30,3.36729583,2.7760553233118
6961,0,32,0,-0.591240506688205
6977,0,33,0.693147181,0.101906674311794
6046,0,21,0,-0.591240506688205
6984,1,26,1.609437912,-0.465210350597338
7081,1,20,3.583518938,1.50887067540266
8285,1,30,2.564949357,0.490301094402662
6009,0,30,0,-0.591240506688205
6928,0,31,0,-0.591240506688205
6962,1,25,3.951243719,1.87659545640266
7133,0,24,0,-0.591240506688205
8275,0,30,0,-0.591240506688205
7418,1,25,0.693147181,-1.38150108159734
6899,1,32,1.098612289,-0.976035973597338
6906,1,21,2.772588722,0.697940459402662
6040,0,22,0,-0.591240506688205
7323,0,36,1.098612289,0.507371782311795
8246,0,25,0,-0.591240506688205
8389,1,32,2.197224577,0.122576314402662
7298,1,38,1.609437912,-0.465210350597338
8259,0,30,0,-0.591240506688205
8237,0,32,0,-0.591240506688205
8365,1,20,3.555348061,1.48069979840266
8239,0,35,0,-0.591240506688205
6917,0,30,0,-0.591240506688205
6962,1,20,2.302585093,0.227936830402662
6039,0,25,0,-0.591240506688205
8335,0,23,0,-0.591240506688205
7514,0,30,1.386294361,0.795053854311795
6978,1,30,4.248495242,2.17384697940266
8366,1,32,2.708050201,0.633401938402662
6965,0,30,0,-0.591240506688205
6906,1,15,0,-2.07464826259734
6938,0,34,0.693147181,0.101906674311794
8284,0,25,0,-0.591240506688205
6939,1,17,0,-2.07464826259734
7413,1,20,2.772588722,0.697940459402662
6922,1,21,2.079441542,0.00479327940266198
6928,0,30,0.693147181,0.101906674311794
8343,1,29,1.386294361,-0.688353901597338
6040,0,28,0,-0.591240506688205
8419,1,30,1.791759469,-0.282888793597338
7515,0,30,0,-0.591240506688205
8422,0,30,0,-0.591240506688205
8285,1,24,0,-2.07464826259734
6929,0,25,1.945910149,1.35466964231179
8420,1,25,2.564949357,0.490301094402662
6992,1,26,0,-2.07464826259734
8270,1,31,2.708050201,0.633401938402662
8310,1,25,3.258096538,1.18344827540266
6909,1,24,1.098612289,-0.976035973597338
8326,1,36,0,-2.07464826259734
8283,0,24,0,-0.591240506688205
8334,0,30,1.791759469,1.20051896231179
6940,0,24,1.386294361,0.795053854311795
6901,0,20,0,-0.591240506688205
8243,0,30,1.386294361,0.795053854311795
6016,0,29,0,-0.591240506688205
6956,0,27,2.564949357,1.97370885031179
6046,0,20,0,-0.591240506688205
6042,1,35,3.784189634,1.70954137140266
7296,0,25,0,-0.591240506688205
6904,0,30,0.693147181,0.101906674311794
8215,0,23,0,-0.591240506688205
9057,0,26,0,-0.591240506688205
6970,0,26,1.098612289,0.507371782311795
7373,1,30,1.098612289,-0.976035973597338
8213,1,25,4.454347296,2.37969903340266
6897,0,27,0,-0.591240506688205
6924,1,15,0,-2.07464826259734
6942,1,25,3.33220451,1.25755624740266
6909,1,22,0,-2.07464826259734
6980,0,23,0,-0.591240506688205
6900,0,19,0,-0.591240506688205
6926,1,26,2.890371758,0.815723495402662
8247,0,29,0,-0.591240506688205
8238,1,35,4.110873864,2.03622560140266
8369,0,18,0,-0.591240506688205
6918,0,20,2.708050201,2.11680969431179
6932,1,26,2.772588722,0.697940459402662
8233,0,26,4.262679877,3.67143937031179
8249,0,30,0,-0.591240506688205
6914,0,25,0,-0.591240506688205
6984,1,20,0,-2.07464826259734
6927,0,36,0,-0.591240506688205
8306,0,22,0,-0.591240506688205
6967,1,30,3.63758616,1.56293789740266
8325,1,41,4.043051268,1.96840300540266
6981,1,29,2.890371758,0.815723495402662
6975,1,31,1.098612289,-0.976035973597338
6961,0,32,0,-0.591240506688205
6958,1,26,2.48490665,0.410258387402662
8351,0,21,0,-0.591240506688205
8275,0,27,0,-0.591240506688205
6945,0,31,0,-0.591240506688205
6936,0,33,0,-0.591240506688205
6983,0,25,0,-0.591240506688205
6920,0,24,0,-0.591240506688205
6960,1,31,0.693147181,-1.38150108159734
7524,0,28,1.386294361,0.795053854311795
6911,1,25,0,-2.07464826259734
8236,0,20,1.098612289,0.507371782311795
6915,0,34,0,-0.591240506688205
6243,1,30,1.791759469,-0.282888793597338
6943,1,27,0,-2.07464826259734
6074,0,25,0,-0.591240506688205
8256,0,26,0,-0.591240506688205
8271,0,20,0,-0.591240506688205
6933,0,31,0,-0.591240506688205
8314,1,25,4.700480366,2.62583210340266
6910,1,29,3.828641396,1.75399313340266
6959,0,20,0,-0.591240506688205
8337,0,20,0,-0.591240506688205
6963,1,42,1.791759469,-0.282888793597338
8426,1,23,3.80666249,1.73201422740266
6953,0,32,0,-0.591240506688205
7275,1,15,1.791759469,-0.282888793597338
7033,0,20,0,-0.591240506688205
8412,1,36,3.663561646,1.58891338340266
6946,0,31,0,-0.591240506688205
8235,0,15,0,-0.591240506688205
8424,0,31,0,-0.591240506688205
8244,0,22,0.693147181,0.101906674311794
7526,0,30,0,-0.591240506688205
6988,0,41,1.386294361,0.795053854311795
8245,0,30,0,-0.591240506688205
8214,0,15,0,-0.591240506688205
8395,1,31,0.693147181,-1.38150108159734
7287,1,33,1.386294361,-0.688353901597338
6899,1,20,2.079441542,0.00479327940266198
6968,0,25,0,-0.591240506688205
8274,0,29,0,-0.591240506688205
8374,1,30,0,-2.07464826259734
6921,0,25,2.564949357,1.97370885031179
8329,1,21,2.397895273,0.323247010402662
8296,1,26,1.098612289,-0.976035973597338
6972,1,36,0.693147181,-1.38150108159734
6930,1,27,0.693147181,-1.38150108159734
6937,0,15,0,-0.591240506688205
6974,0,29,0,-0.591240506688205
7186,1,32,3.951243719,1.87659545640266
5837,0,25,0,-0.591240506688205
6923,1,17,1.609437912,-0.465210350597338
7522,0,35,0,-0.591240506688205
8304,1,21,2.944438979,0.869790716402662
8376,0,32,0,-0.591240506688205
6971,0,40,0,-0.591240506688205
7417,0,22,0,-0.591240506688205
7015,1,33,1.386294361,-0.688353901597338
8241,0,31,0,-0.591240506688205
8313,1,20,0,-2.07464826259734
8387,0,23,0.693147181,0.101906674311794
8311,1,36,1.386294361,-0.688353901597338
8231,0,34,0,-0.591240506688205
8378,1,25,2.890371758,0.815723495402662
8230,0,31,0,-0.591240506688205
6907,0,21,0.693147181,0.101906674311794
7223,0,26,0,-0.591240506688205
7415,1,23,3.218875825,1.14422756240266
7133,1,29,3.258096538,1.18344827540266
6931,1,32,3.17805383,1.10340556740266
8323,1,27,1.098612289,-0.976035973597338
8300,1,21,4.65396035,2.57931208740266
7418,1,30,3.496507561,1.42185929840266
8312,1,29,1.098612289,-0.976035973597338
7523,0,25,2.397895273,1.80665476631179
6982,1,30,0,-2.07464826259734
8353,1,30,4.663439094,2.58879083140266
6903,1,21,0,-2.07464826259734
7258,1,25,2.833213344,0.758565081402662
8258,0,17,2.197224577,1.60598407031179
6009,0,25,1.945910149,1.35466964231179
8222,0,30,3.044522438,2.45328193131179
7461,0,24,0,-0.591240506688205
8297,0,29,0,-0.591240506688205
8386,0,21,2.079441542,1.48820103531179
6916,1,35,3.17805383,1.10340556740266
8430,0,34,3.526360525,2.93512001831179
6987,1,23,0,-2.07464826259734
7521,0,30,0.693147181,0.101906674311794
6969,0,31,1.386294361,0.795053854311795
6966,0,30,2.48490665,1.89366614331179
7525,0,22,4.025351691,3.43411118431179
6985,1,30,1.386294361,-0.688353901597338
7438,1,32,0,-2.07464826259734
6830,1,30,3.688879454,1.61423119140266
6919,0,11,0,-0.591240506688205
6977,0,26,2.302585093,1.71134458631179
6979,1,30,2.197224577,0.122576314402662
7516,0,37,1.791759469,1.20051896231179
7327,0,38,0,-0.591240506688205
8354,1,32,1.609437912,-0.465210350597338
6951,0,28,2.197224577,1.60598407031179
10022,0,35,1.098612289,0.507371782311795
6709,0,30,0,-0.591240506688205
7517,0,30,0,-0.591240506688205
6043,0,20,0,-0.591240506688205
7300,0,30,1.386294361,0.795053854311795
8242,0,34,0,-0.591240506688205
9058,0,25,0,-0.591240506688205
6964,0,21,3.526360525,2.93512001831179
6913,0,25,0,-0.591240506688205
5719,0,24,0,-0.591240506688205
8290,1,32,4.276666119,2.20201785640266
7520,1,30,0.693147181,-1.38150108159734
6944,0,37,0,-0.591240506688205
6976,0,30,1.098612289,0.507371782311795
7081,0,20,0,-0.591240506688205
6008,1,28,4.543294782,2.46864651940266
6898,1,33,0,-2.07464826259734
8234,0,30,0,-0.591240506688205
7207,0,32,0,-0.591240506688205
8388,0,33,0,-0.591240506688205
8389,0,30,0,-0.591240506688205
6971,0,42,0,-0.591240506688205
6932,1,25,3.465735903,1.39108764040266
6046,0,17,1.386294361,0.795053854311795
8378,1,25,4.158883083,2.08423482040266
7275,1,15,3.526360525,1.45171226240266
6982,1,26,2.995732274,0.921084011402662
7081,0,20,0,-0.591240506688205
6928,0,29,0.693147181,0.101906674311794
8386,0,26,1.791759469,1.20051896231179
6960,1,34,2.944438979,0.869790716402662
8351,0,30,0,-0.591240506688205
6951,0,22,0,-0.591240506688205
5719,0,27,0.693147181,0.101906674311794
6956,0,30,0,-0.591240506688205
6909,1,32,1.791759469,-0.282888793597338
8326,0,35,0,-0.591240506688205
8420,1,30,4.584967479,2.51031921640266
6914,0,25,1.098612289,0.507371782311795
8424,0,35,1.098612289,0.507371782311795
8242,0,38,0,-0.591240506688205
7413,1,31,1.791759469,-0.282888793597338
6899,1,25,2.995732274,0.921084011402662
6921,0,25,0,-0.591240506688205
8214,1,10,1.386294361,-0.688353901597338
7517,0,39,1.098612289,0.507371782311795
8234,0,28,2.564949357,1.97370885031179
8300,1,16,0,-2.07464826259734
6243,1,29,1.386294361,-0.688353901597338
6938,0,33,0,-0.591240506688205
6939,1,23,0,-2.07464826259734
10022,1,28,0,-2.07464826259734
6910,1,29,4.276666119,2.20201785640266
8270,1,36,3.091042453,1.01639419040266
6074,0,31,2.708050201,2.11680969431179
8412,1,35,3.850147602,1.77549933940266
6963,1,43,0.693147181,-1.38150108159734
6008,1,33,4.343805422,2.26915715940266
6985,1,30,2.079441542,0.00479327940266198
7520,1,29,3.761200116,1.68655185340266
7373,1,30,2.995732274,0.921084011402662
6926,1,28,1.386294361,-0.688353901597338
8271,0,27,0,-0.591240506688205
6933,0,29,0,-0.591240506688205
8238,1,25,2.397895273,0.323247010402662
8313,1,21,0,-2.07464826259734
6918,0,30,0,-0.591240506688205
8334,0,27,0,-0.591240506688205
8376,0,29,0,-0.591240506688205
8285,1,35,3.135494216,1.06084595340266
6039,0,33,0,-0.591240506688205
8422,0,28,0.693147181,0.101906674311794
6920,0,20,0,-0.591240506688205
6911,0,26,1.609437912,1.01819740531179
6016,0,36,1.098612289,0.507371782311795
8296,1,21,0,-2.07464826259734
8244,0,20,3.496507561,2.90526705431179
6937,1,26,2.833213344,0.758565081402662
6945,0,32,0,-0.591240506688205
8354,1,31,3.931825633,1.85717737040266
5837,1,26,1.098612289,-0.976035973597338
7015,0,28,0,-0.591240506688205
6968,0,31,0,-0.591240506688205
6927,0,30,0,-0.591240506688205
6967,1,22,2.890371758,0.815723495402662
7516,0,28,0,-0.591240506688205
6962,1,25,1.609437912,-0.465210350597338
8247,0,23,0,-0.591240506688205
6970,0,24,0,-0.591240506688205
7515,0,25,0,-0.591240506688205
8310,1,28,2.197224577,0.122576314402662
8353,0,26,0,-0.591240506688205
6977,0,30,0,-0.591240506688205
8258,0,19,0.693147181,0.101906674311794
6987,1,24,0,-2.07464826259734
7033,0,21,0,-0.591240506688205
6901,0,15,0,-0.591240506688205
8419,0,31,1.609437912,1.01819740531179
8259,0,25,1.945910149,1.35466964231179
7525,0,24,0,-0.591240506688205
8284,0,30,0,-0.591240506688205
6975,0,34,0,-0.591240506688205
6043,0,22,0,-0.591240506688205
6830,1,20,0,-2.07464826259734
6964,0,22,0,-0.591240506688205
6898,1,37,3.688879454,1.61423119140266
8243,0,27,0.693147181,0.101906674311794
8426,0,26,4.025351691,3.43411118431179
8430,0,29,0,-0.591240506688205
7298,0,35,0,-0.591240506688205
8235,0,16,0,-0.591240506688205
6983,0,30,0,-0.591240506688205
7461,1,22,1.386294361,-0.688353901597338
7521,1,21,0,-2.07464826259734
9058,0,25,0,-0.591240506688205
7300,0,24,0,-0.591240506688205
8311,0,26,0,-0.591240506688205
8222,0,34,0,-0.591240506688205
6984,1,27,1.609437912,-0.465210350597338
8233,0,30,0,-0.591240506688205
6972,1,40,1.945910149,-0.128738113597338
8283,0,20,0,-0.591240506688205
6976,0,30,0.693147181,0.101906674311794
7438,0,27,0,-0.591240506688205
7207,1,26,1.945910149,-0.128738113597338
8306,0,21,0,-0.591240506688205
6930,1,30,4.454347296,2.37969903340266
6906,1,20,4.060443011,1.98579474840266
8241,0,28,0,-0.591240506688205
6917,0,29,1.945910149,1.35466964231179
6944,1,32,1.945910149,-0.128738113597338
6981,1,26,2.079441542,0.00479327940266198
6709,0,27,1.098612289,0.507371782311795
8314,1,21,3.36729583,1.29264756740266
8245,1,30,0,-2.07464826259734
8231,0,25,0,-0.591240506688205
8297,0,28,0,-0.591240506688205
8236,1,17,0.693147181,-1.38150108159734
6009,0,25,2.63905733,2.04781682331179
6980,0,28,0,-0.591240506688205
6974,0,31,0,-0.591240506688205
6913,0,29,0,-0.591240506688205
6909,1,17,1.386294361,-0.688353901597338
8230,0,35,0,-0.591240506688205
6907,0,23,0,-0.591240506688205
6988,0,56,0,-0.591240506688205
7417,0,23,0,-0.591240506688205
8337,0,21,0,-0.591240506688205
8329,1,24,3.761200116,1.68655185340266
8239,1,32,3.401197382,1.32654911940266
6922,1,23,0,-2.07464826259734
6897,0,25,0,-0.591240506688205
6923,1,25,3.433987204,1.35933894140266
7514,0,25,0,-0.591240506688205
9057,0,23,0,-0.591240506688205
6969,0,35,1.098612289,0.507371782311795
6940,1,20,1.386294361,-0.688353901597338
6978,1,24,2.197224577,0.122576314402662
6966,0,31,2.397895273,1.80665476631179
7133,1,20,0.693147181,-1.38150108159734
7524,0,28,0,-0.591240506688205
8290,1,31,3.526360525,1.45171226240266
6992,1,27,3.218875825,1.14422756240266
7523,0,35,1.609437912,1.01819740531179
6904,0,36,0,-0.591240506688205
6903,1,23,1.098612289,-0.976035973597338
6900,0,20,0,-0.591240506688205
6042,1,32,4.189654742,2.11500647940266
8275,0,34,4.762173935,4.17093342831179
8304,0,28,0,-0.591240506688205
7418,0,30,0,-0.591240506688205
7526,0,29,0,-0.591240506688205
7223,0,24,1.386294361,0.795053854311795
7522,0,25,0,-0.591240506688205
8274,0,31,0,-0.591240506688205
8343,1,23,0.693147181,-1.38150108159734
6931,1,30,4.094344562,2.01969629940266
7327,0,35,0,-0.591240506688205
8374,0,31,0.693147181,0.101906674311794
7323,0,30,0,-0.591240506688205
8323,1,32,0,-2.07464826259734
8366,1,30,1.386294361,-0.688353901597338
6943,1,28,2.397895273,0.323247010402662
6916,1,31,3.401197382,1.32654911940266
6915,0,22,0,-0.591240506688205
8388,1,35,1.386294361,-0.688353901597338
7186,1,30,3.850147602,1.77549933940266
6946,1,24,0.693147181,-1.38150108159734
8237,0,30,0,-0.591240506688205
6959,0,28,0,-0.591240506688205
6961,0,37,0,-0.591240506688205
6936,1,41,2.48490665,0.410258387402662
8256,1,20,0.693147181,-1.38150108159734
6919,0,10,0,-0.591240506688205
6953,0,31,0,-0.591240506688205
6965,0,26,0,-0.591240506688205
6040,0,23,1.609437912,1.01819740531179
8213,1,34,4.219507705,2.14485944240266
8365,1,21,0,-2.07464826259734
8395,1,40,3.850147602,1.77549933940266
8249,0,20,0,-0.591240506688205
8312,1,30,3.091042453,1.01639419040266
8369,0,25,0,-0.591240506688205
6942,1,25,2.995732274,0.921084011402662
7296,0,31,3.218875825,2.62763531831179
7415,1,25,1.386294361,-0.688353901597338
6929,1,31,0.693147181,-1.38150108159734
8387,1,27,0.693147181,-1.38150108159734
7287,1,28,0,-2.07464826259734
8215,0,25,3.135494216,2.54425370931179
8325,1,34,3.951243719,1.87659545640266
6958,0,22,0,-0.591240506688205
8246,0,29,0.693147181,0.101906674311794
6924,0,19,0,-0.591240506688205
6979,0,30,0,-0.591240506688205
7258,1,22,1.386294361,-0.688353901597338
8335,0,21,0,-0.591240506688205
