"GOout.GO","GOout.p_val"
"GO:0003700",2.5e-05
"GO:0045893",3.1e-05
"GO:0080151",0.000487
"GO:0005515",0.000554
"GO:0042409",0.000558
"GO:0016042",0.0014
"GO:0009862",0.002796
"GO:0005779",0.002901
"GO:0120029",0.003251
"GO:0048868",0.004376
"GO:0007031",0.00501
"GO:0006612",0.005232
"GO:0008553",0.005869
"GO:0045298",0.005876
"GO:0007166",0.006209
"GO:0006355",0.007077
"GO:1900057",0.007447
"GO:0031011",0.007719
"GO:0016597",0.00827
"GO:0004033",0.009187
"GO:0022841",0.009324
"GO:0030322",0.009324
"GO:0006511",0.010016
"GO:0015662",0.010111
"GO:0009737",0.010226
"GO:0000976",0.01044
"GO:0070301",0.01184
"GO:0009739",0.012524
"GO:0031625",0.013089
"GO:0032968",0.01393
"GO:0090333",0.014015
"GO:1900037",0.014145
"GO:0009759",0.014461
"GO:0007143",0.014672
"GO:0005347",0.014726
"GO:0015217",0.014871
"GO:0015866",0.014871
"GO:0015867",0.014871
"GO:0008361",0.015238
"GO:0010304",0.015538
"GO:0045944",0.015589
"GO:0019346",0.016373
"GO:0035616",0.0165
"GO:0071819",0.0165
"GO:0016579",0.01664
"GO:0019707",0.017907
"GO:0006636",0.018743
"GO:0019343",0.01934
"GO:0090391",0.019602
"GO:0048507",0.019684
"GO:0010030",0.020137
"GO:0010821",0.020237
"GO:1901333",0.021991
"GO:0017101",0.022504
"GO:0071310",0.022549
"GO:0009966",0.022857
"GO:0019137",0.02294
"GO:0050105",0.023654
"GO:1902025",0.023734
"GO:0102799",0.023931
"GO:0009505",0.024328
"GO:0062091",0.024415
"GO:0080064",0.025034
"GO:0035308",0.025097
"GO:1901599",0.025114
"GO:0006880",0.02512
"GO:0009868",0.025397
"GO:0005801",0.025615
"GO:0034220",0.025738
"GO:0015271",0.026028
"GO:0050832",0.027309
"GO:0010089",0.027575
"GO:0090307",0.027611
"GO:0005640",0.028486
"GO:0009875",0.028644
"GO:1901698",0.02894
"GO:0009815",0.029223
"GO:0044375",0.029252
"GO:0010039",0.029642
"GO:0051418",0.029751
"GO:0051415",0.029751
"GO:1901701",0.029784
"GO:0004721",0.029886
"GO:0006386",0.029915
"GO:0006357",0.030391
"GO:0005778",0.03049
"GO:1904668",0.030494
"GO:1905786",0.030494
"GO:0004601",0.030694
"GO:0007140",0.031128
"GO:0035673",0.032302
"GO:0009060",0.032541
"GO:0030134",0.032551
"GO:0004722",0.0336
"GO:0046961",0.034384
"GO:0048829",0.034845
"GO:0006098",0.034915
"GO:0009682",0.035115
"GO:0018230",0.035225
"GO:0071541",0.035543
"GO:0071458",0.035599
"GO:0031493",0.035611
"GO:0016114",0.036202
"GO:0030259",0.036326
"GO:0000981",0.036583
"GO:0042127",0.036638
"GO:0016627",0.03674
"GO:0048655",0.037531
"GO:0015714",0.037762
"GO:0007030",0.038163
"GO:0097552",0.038439
"GO:0010371",0.038502
"GO:0048766",0.038979
"GO:0043067",0.038998
"GO:0016805",0.039524
"GO:0045489",0.040041
"GO:0035066",0.040161
"GO:0048446",0.040313
"GO:0048444",0.040564
"GO:0010344",0.040705
"GO:0003885",0.040904
"GO:0030981",0.041159
"GO:0005793",0.041368
"GO:0030388",0.041405
"GO:0003978",0.041561
"GO:0009517",0.041657
"GO:0070816",0.042974
"GO:0061630",0.043013
"GO:0043565",0.043636
"GO:0048038",0.044434
"GO:0003674",0.044516
"GO:0043130",0.044534
"GO:0005887",0.044539
"GO:0005200",0.044865
"GO:0048281",0.045403
"GO:0015914",0.045476
"GO:0018026",0.045713
"GO:0043047",0.046069
"GO:0071258",0.046545
"GO:0005685",0.046663
"GO:0048240",0.046695
"GO:0080187",0.046866
"GO:0034758",0.047133
"GO:0006425",0.047328
"GO:1901528",0.047796
"GO:0045168",0.047917
"GO:0051245",0.049297
"GO:0006422",0.049447
"GO:0010331",0.049495
"GO:0051641",0.049912
"GO:0022627",0.050177
"GO:0008643",0.051125
"GO:2000039",0.051541
"GO:2000377",0.052093
"GO:0000967",0.052556
"GO:0003785",0.053066
"GO:0015079",0.053235
"GO:0009827",0.053243
"GO:0045174",0.054223
"GO:0004024",0.055203
"GO:0004615",0.055276
"GO:1901371",0.055352
"GO:0030104",0.056435
"GO:0003962",0.056438
"GO:0010372",0.056563
"GO:0006662",0.057096
"GO:0008131",0.057211
"GO:0080121",0.057807
"GO:1901679",0.057807
"GO:0006091",0.058477
"GO:0006723",0.059011
"GO:0009769",0.059085
"GO:0071219",0.059608
"GO:1901957",0.060296
"GO:0031386",0.060437
"GO:0034613",0.060531
"GO:0048462",0.060747
"GO:0071491",0.061362
"GO:0004520",0.062361
"GO:1901617",0.062382
"GO:0043447",0.062882
"GO:0045165",0.06303
"GO:0019706",0.063123
"GO:0043162",0.063153
"GO:0071554",0.063473
"GO:0098789",0.064307
"GO:0008195",0.064801
"GO:0015713",0.064899
"GO:0046294",0.065109
"GO:0045901",0.06582
"GO:0004839",0.06584
"GO:0009515",0.065853
"GO:0071367",0.065971
"GO:0048366",0.066253
"GO:0007186",0.067807
"GO:0008353",0.067839
"GO:0071555",0.06791
"GO:0010150",0.068337
"GO:0010052",0.068356
"GO:2000280",0.069374
"GO:0043813",0.07022
"GO:0009938",0.070282
"GO:0042779",0.070383
"GO:0110102",0.071267
"GO:0048440",0.071415
"GO:0002221",0.072464
"GO:0048232",0.07253
"GO:0006813",0.072748
"GO:0006094",0.073103
"GO:0016413",0.073308
"GO:0006644",0.073465
"GO:0003712",0.073602
"GO:0001401",0.07366
"GO:0015450",0.073803
"GO:0010082",0.073983
"GO:0045277",0.074817
"GO:0009567",0.075244
"GO:0042546",0.075493
"GO:0010044",0.075495
"GO:0032436",0.075508
"GO:0009304",0.075883
"GO:1903730",0.076114
"GO:0002218",0.076359
"GO:0034196",0.076386
"GO:0019395",0.076767
"GO:0010997",0.076793
"GO:0034455",0.077182
"GO:0016021",0.077399
"GO:0016301",0.078037
"GO:0005655",0.078181
"GO:0033353",0.078759
"GO:0071266",0.079165
"GO:0019279",0.079165
"GO:0004123",0.079165
"GO:0004121",0.079165
"GO:0006805",0.079276
"GO:0004124",0.079333
"GO:0005666",0.079408
"GO:0006778",0.079863
"GO:0006000",0.079925
"GO:0002183",0.080152
"GO:0016651",0.080591
"GO:0032870",0.081108
"GO:0009901",0.081227
"GO:0042775",0.081992
"GO:0090342",0.082387
"GO:0009768",0.082645
"GO:0032955",0.082654
"GO:0009056",0.082927
"GO:0009617",0.082939
"GO:0010500",0.082973
"GO:0005742",0.084417
"GO:0090696",0.084469
"GO:0008150",0.084728
"GO:0043022",0.084748
"GO:0090548",0.085453
"GO:0031351",0.086438
"GO:0051980",0.08721
"GO:0009955",0.08745
"GO:0034515",0.087842
"GO:1990825",0.087964
"GO:0031848",0.089338
"GO:0005753",0.08991
"GO:0010494",0.090638
"GO:1902325",0.090955
"GO:0048015",0.091196
"GO:0000707",0.09122
"GO:0090266",0.091339
"GO:0030026",0.091366
"GO:0045431",0.092338
"GO:0009447",0.092709
"GO:0031047",0.093023
"GO:0043161",0.093204
"GO:0006082",0.09388
"GO:0004802",0.093913
"GO:0071462",0.09427
"GO:0033355",0.094416
"GO:0004852",0.094617
"GO:0006780",0.094617
"GO:1901183",0.094817
"GO:1900056",0.095641
"GO:0035336",0.095863
"GO:0048257",0.095925
"GO:0000737",0.095925
"GO:0005507",0.096521
"GO:0071433",0.096649
"GO:0019372",0.096649
"GO:1990069",0.096683
"GO:0019240",0.096997
"GO:0044248",0.097609
"GO:0009753",0.098419
"GO:0005384",0.098616
"GO:0016464",0.098636
"GO:0006290",0.098829
"GO:0005576",0.098921
"GO:0034622",0.098947
"GO:0016279",0.09901
"GO:0012511",0.099209
"GO:0048468",0.09922
"GO:0009252",0.099592
"GO:1903424",0.099633
"GO:0016571",0.099721
"GO:0019853",0.099817
"GO:0016463",0.099908
"GO:0015186",0.100421
"GO:0034050",0.100858
"GO:0044283",0.100903
"GO:0033619",0.10133
"GO:0005777",0.101444
"GO:0000276",0.10214
"GO:0010119",0.102147
"GO:0009823",0.102178
"GO:0008047",0.102182
"GO:0019199",0.102279
"GO:0070401",0.10245
"GO:0051052",0.102503
"GO:0050891",0.102541
"GO:0103068",0.102572
"GO:0102953",0.102572
"GO:0051289",0.1026
"GO:0005634",0.103681
"GO:0000448",0.104417
"GO:0047874",0.105166
"GO:0000963",0.105442
"GO:0045943",0.105633
"GO:0045040",0.106852
"GO:0080019",0.106879
"GO:0030001",0.107261
"GO:0018279",0.107485
"GO:0070628",0.107601
"GO:0097573",0.107626
"GO:0035998",0.107824
"GO:0003934",0.107824
"GO:0009943",0.107929
"GO:1902553",0.107958
"GO:0044106",0.108469
"GO:0010048",0.108573
"GO:0004332",0.109121
"GO:0051453",0.109583
"GO:0010235",0.109918
"GO:0016324",0.110162
"GO:0016618",0.110683
"GO:0010158",0.110832
"GO:0006431",0.111045
"GO:0008198",0.111143
"GO:0019773",0.111991
"GO:0000209",0.112474
"GO:0010091",0.112599
"GO:0070822",0.112927
"GO:0071339",0.113246
"GO:0009416",0.113372
"GO:0009867",0.113469
"GO:0035445",0.113579
"GO:0000476",0.113741
"GO:1990785",0.113865
"GO:0043266",0.114001
"GO:0009055",0.11403
"GO:0032454",0.11449
"GO:0030688",0.114685
"GO:0031328",0.115052
"GO:0098656",0.115126
"GO:0000082",0.115154
"GO:0005464",0.115231
"GO:0030942",0.115703
"GO:0006366",0.115873
"GO:0005381",0.116296
"GO:1900367",0.116519
"GO:0006551",0.11743
"GO:0006573",0.11743
"GO:0009664",0.11764
"GO:0009615",0.117877
"GO:0002230",0.117947
"GO:0019941",0.118096
"GO:0009635",0.118173
"GO:0019139",0.118586
"GO:0009915",0.118812
"GO:0042362",0.118812
"GO:0010050",0.11887
"GO:0046856",0.119301
"GO:0006402",0.119339
"GO:0051974",0.11977
"GO:0000783",0.11977
"GO:0032210",0.11977
"GO:0010196",0.119843
"GO:0004407",0.120347
"GO:0040008",0.121102
"GO:0000978",0.121425
"GO:0006979",0.121466
"GO:0045930",0.121632
"GO:0003746",0.121882
"GO:0009873",0.121942
"GO:0000795",0.122234
"GO:0033178",0.122351
"GO:0080126",0.124635
"GO:0004815",0.124816
"GO:1900067",0.125023
"GO:0015120",0.12508
"GO:0090502",0.125173
"GO:0009861",0.125252
"GO:0010018",0.125656
"GO:0008821",0.125983
"GO:0045046",0.126283
"GO:0034720",0.127159
"GO:0035864",0.1275
"GO:0016744",0.127708
"GO:0036290",0.127946
"GO:0006557",0.128513
"GO:0004014",0.128513
"GO:0051903",0.128682
"GO:0016559",0.129777
"GO:0002151",0.12984
"GO:0006633",0.13
"GO:0009992",0.130219
"GO:0003755",0.130685
"GO:1901332",0.131002
"GO:1990071",0.131395
"GO:0070646",0.131642
"GO:0010558",0.132107
"GO:0035970",0.132891
"GO:0004725",0.133057
"GO:0048285",0.133058
"GO:0046322",0.133139
"GO:0017077",0.133177
"GO:0033036",0.133639
"GO:0051014",0.133719
"GO:0071217",0.133756
"GO:0004693",0.133921
"GO:0006123",0.134318
"GO:0017119",0.134445
"GO:0052716",0.134545
"GO:0010027",0.134832
"GO:1990757",0.135388
"GO:0004467",0.135626
"GO:0046885",0.135655
"GO:0005078",0.13581
"GO:0046481",0.135877
"GO:0052629",0.136004
"GO:1901799",0.136044
"GO:0008199",0.1361
"GO:0005385",0.136214
"GO:0008757",0.136318
"GO:0036092",0.136623
"GO:0004845",0.137195
"GO:0080155",0.137474
"GO:0018107",0.137498
"GO:0004089",0.13799
"GO:0051090",0.138391
"GO:0043619",0.138391
"GO:2000068",0.138391
"GO:0015990",0.13852
"GO:2000032",0.138629
"GO:0045014",0.138736
"GO:0031145",0.139043
"GO:0072488",0.139684
"GO:0010025",0.139888
"GO:0045493",0.13999
"GO:0032041",0.140352
"GO:0009968",0.140549
"GO:0071215",0.14061
"GO:0000274",0.141729
"GO:0047262",0.141946
"GO:0045595",0.142104
"GO:0099402",0.14215
"GO:2000104",0.142155
"GO:0031176",0.142242
"GO:0016272",0.142551
"GO:0010148",0.142773
"GO:1901017",0.143517
"GO:0010360",0.143517
"GO:0010325",0.144298
"GO:0019915",0.144812
"GO:0045740",0.14487
"GO:1902916",0.144998
"GO:0010497",0.146056
"GO:2000070",0.146305
"GO:0061158",0.146724
"GO:0051177",0.147499
"GO:0042500",0.14782
"GO:0071556",0.14782
"GO:0000741",0.147975
"GO:0000307",0.148201
"GO:0010072",0.148426
"GO:0034080",0.14912
"GO:0080002",0.1493
"GO:0045962",0.149324
"GO:1990164",0.149712
"GO:0015103",0.1513
"GO:1903426",0.151535
"GO:0048580",0.151631
"GO:0016656",0.153644
"GO:0004708",0.153847
"GO:0008380",0.154219
"GO:0045905",0.154311
"GO:0010020",0.154374
"GO:0005254",0.154523
"GO:0032259",0.154712
"GO:0019285",0.155009
"GO:1902600",0.155464
"GO:0031540",0.155485
"GO:0033396",0.155531
"GO:0000910",0.155882
"GO:0046622",0.156233
"GO:0005199",0.156697
"GO:0010105",0.156757
"GO:1990052",0.156976
"GO:0016032",0.157061
"GO:2000779",0.157271
"GO:0018364",0.157325
"GO:0018027",0.157575
"GO:0008836",0.157696
"GO:0048448",0.157749
"GO:0046983",0.157909
"GO:0030674",0.157925
"GO:0007065",0.157966
"GO:0007066",0.157966
"GO:0006212",0.158261
"GO:0042132",0.158516
"GO:0032491",0.159025
"GO:0070059",0.159225
"GO:1990604",0.159225
"GO:0036498",0.159225
"GO:0006829",0.159267
"GO:0006354",0.159913
"GO:0110104",0.160075
"GO:0009893",0.160214
"GO:0045047",0.160324
"GO:0098655",0.161086
"GO:0032301",0.162053
"GO:0008481",0.162459
"GO:0090332",0.163011
"GO:0051321",0.163222
"GO:0004843",0.163346
"GO:0061716",0.163862
"GO:0032440",0.164532
"GO:0002213",0.164934
"GO:0008987",0.165236
"GO:0034628",0.165236
"GO:0015175",0.165285
"GO:0009301",0.16536
"GO:1990904",0.166097
"GO:0043622",0.166241
"GO:0010069",0.166324
"GO:0016740",0.166362
"GO:1900055",0.166828
"GO:0080029",0.167318
"GO:0102121",0.168201
"GO:0008840",0.168385
"GO:0042548",0.168491
"GO:0010483",0.168587
"GO:0009072",0.169135
"GO:0042989",0.169796
"GO:0005686",0.169988
"GO:0000293",0.170312
"GO:0047834",0.170483
"GO:0008309",0.170545
"GO:0031361",0.170589
"GO:0016053",0.171449
"GO:0000373",0.171504
"GO:0019953",0.171548
"GO:0071478",0.171709
"GO:0009805",0.172582
"GO:0032541",0.172697
"GO:0031080",0.173311
"GO:0061608",0.17415
"GO:0005680",0.174713
"GO:0048573",0.175145
"GO:0004819",0.175255
"GO:0042776",0.175383
"GO:0032183",0.175562
"GO:0010016",0.175643
"GO:0016127",0.176116
"GO:0034434",0.176116
"GO:0010447",0.17687
"GO:0000014",0.176942
"GO:0010321",0.176995
"GO:0042939",0.177858
"GO:0032147",0.178021
"GO:1905038",0.178199
"GO:0010239",0.178515
"GO:0018283",0.178559
"GO:0006721",0.17862
"GO:0033365",0.178692
"GO:0034755",0.17902
"GO:0071369",0.179256
"GO:0052689",0.179513
"GO:0010192",0.179774
"GO:0035101",0.180167
"GO:0048027",0.180274
"GO:0010205",0.180567
"GO:0010389",0.18075
"GO:0016628",0.180753
"GO:0008514",0.181317
"GO:0010376",0.181478
"GO:0032953",0.181944
"GO:0050113",0.182065
"GO:0019310",0.182065
"GO:0019236",0.182201
"GO:0005198",0.182225
"GO:0003002",0.182471
"GO:0071894",0.182799
"GO:0010390",0.182799
"GO:0010228",0.183475
"GO:0042742",0.183768
"GO:0009671",0.183945
"GO:0080188",0.184018
"GO:0003955",0.184436
"GO:0050793",0.185777
"GO:0032324",0.18667
"GO:0031982",0.187015
"GO:0016049",0.187279
"GO:0016226",0.18791
"GO:0016281",0.187973
"GO:0051119",0.188151
"GO:0004829",0.188509
"GO:0090057",0.188642
"GO:0010618",0.188703
"GO:0080088",0.189124
"GO:0102965",0.189524
"GO:0000162",0.18959
"GO:0046685",0.18994
"GO:0031597",0.190215
"GO:0070727",0.190501
"GO:0071577",0.190982
"GO:0005758",0.191221
"GO:0033214",0.191461
"GO:0046898",0.191635
"GO:0004439",0.191993
"GO:0032446",0.192217
"GO:2000008",0.192507
"GO:1990404",0.193155
"GO:0090549",0.193756
"GO:0043812",0.193946
"GO:0019481",0.194058
"GO:0045892",0.194098
"GO:0009944",0.194098
"GO:0008270",0.194928
"GO:0048532",0.195025
"GO:0002376",0.195248
"GO:0001887",0.195288
"GO:0048316",0.195309
"GO:0009649",0.196065
"GO:0019217",0.196147
"GO:0005547",0.196392
"GO:0000701",0.196406
"GO:0090357",0.196694
"GO:1901959",0.196745
"GO:0070212",0.196824
"GO:0018023",0.197389
"GO:0097361",0.199006
"GO:1905200",0.199382
"GO:1905039",0.199382
"GO:0071782",0.199535
"GO:0008253",0.199762
"GO:0031977",0.200803
"GO:0004518",0.200832
"GO:0005509",0.201183
"GO:0019478",0.20147
"GO:0006364",0.20159
"GO:0005851",0.201642
"GO:0031063",0.20165
"GO:0030891",0.20165
"GO:0048449",0.20216
"GO:0018685",0.202345
"GO:0030060",0.202362
"GO:0008312",0.202976
"GO:0006626",0.202982
"GO:0042325",0.203308
"GO:0009594",0.204149
"GO:0006744",0.204469
"GO:0006223",0.204792
"GO:0051592",0.204965
"GO:1903428",0.205521
"GO:0106307",0.205624
"GO:0106306",0.205624
"GO:0006072",0.205775
"GO:0000785",0.205891
"GO:1990481",0.205899
"GO:1904250",0.205965
"GO:0019005",0.206124
"GO:0090697",0.206223
"GO:0004834",0.206232
"GO:0034508",0.206306
"GO:0019843",0.206788
"GO:1990298",0.207194
"GO:0031325",0.20729
"GO:0033692",0.207324
"GO:0019900",0.207621
"GO:1900424",0.207978
"GO:0000932",0.208193
"GO:0007095",0.20904
"GO:0009535",0.209296
"GO:0032451",0.209321
"GO:0006890",0.209604
"GO:0042794",0.209756
"GO:0008283",0.209813
"GO:0022900",0.210105
"GO:0051117",0.210516
"GO:0005740",0.21166
"GO:0071805",0.212191
"GO:0080169",0.212312
"GO:0051260",0.212434
"GO:0032585",0.21258
"GO:0042803",0.213074
"GO:1902806",0.213361
"GO:0051173",0.213579
"GO:0001578",0.213687
"GO:0072423",0.213968
"GO:0021700",0.214011
"GO:0019210",0.214255
"GO:0005741",0.214297
"GO:0031177",0.214377
"GO:0006338",0.214442
"GO:0015804",0.214991
"GO:0005267",0.215145
"GO:0032544",0.215639
"GO:0031146",0.215752
"GO:0000038",0.215868
"GO:0031972",0.216361
"GO:0003691",0.216529
"GO:0005786",0.216829
"GO:0043036",0.216991
"GO:0009734",0.21707
"GO:1901031",0.217124
"GO:0042577",0.217183
"GO:0046861",0.21779
"GO:0071472",0.217814
"GO:0006855",0.218765
"GO:0009579",0.218898
"GO:0003986",0.219258
"GO:0034660",0.219556
"GO:0004832",0.219571
"GO:0019685",0.219649
"GO:1900150",0.219938
"GO:0036374",0.220615
"GO:0070985",0.220678
"GO:0044545",0.220926
"GO:0043433",0.221201
"GO:0009932",0.221607
"GO:0046920",0.221882
"GO:0008519",0.222177
"GO:0070537",0.222243
"GO:0009522",0.223308
"GO:0016836",0.223558
"GO:0004176",0.22363
"GO:0031537",0.223777
"GO:0052596",0.223788
"GO:0052594",0.223788
"GO:0052593",0.223788
"GO:0052595",0.223788
"GO:2000117",0.223961
"GO:0005785",0.224484
"GO:0001558",0.224567
"GO:0034484",0.224646
"GO:0003333",0.224702
"GO:0033506",0.224931
"GO:0000902",0.225147
"GO:0009755",0.225486
"GO:0008534",0.226195
"GO:0006226",0.226527
"GO:0046081",0.226527
"GO:0071482",0.226589
"GO:0000275",0.226659
"GO:1900864",0.226771
"GO:0044255",0.226822
"GO:0102549",0.227007
"GO:0010189",0.227195
"GO:2000024",0.22735
"GO:0009308",0.227396
"GO:0006833",0.227421
"GO:0018874",0.228651
"GO:1901002",0.228671
"GO:0042753",0.228694
"GO:0006607",0.228708
"GO:0004435",0.228895
"GO:1990841",0.229266
"GO:0046208",0.229305
"GO:0000172",0.229558
"GO:0009693",0.230281
"GO:0071365",0.23055
"GO:0051571",0.230693
"GO:0051707",0.230731
"GO:0005749",0.230853
"GO:0070973",0.231072
"GO:0015171",0.231488
"GO:0007060",0.23157
"GO:0035065",0.231877
"GO:0002679",0.23252
"GO:2000037",0.232633
"GO:0030130",0.23275
"GO:0030132",0.23275
"GO:0009638",0.233165
"GO:0031012",0.233345
"GO:0005773",0.233429
"GO:0030951",0.234177
"GO:0061863",0.234177
"GO:0070545",0.234276
"GO:0005662",0.234714
"GO:0010043",0.235895
"GO:0017183",0.236349
"GO:0004163",0.236551
"GO:0070534",0.236724
"GO:0006875",0.236806
"GO:0042760",0.237135
"GO:0015910",0.237135
"GO:0006651",0.237368
"GO:0016620",0.237603
"GO:0019253",0.237741
"GO:0000792",0.23819
"GO:0033169",0.238465
"GO:0009533",0.238554
"GO:0016207",0.238555
"GO:0016405",0.238555
"GO:0003881",0.238673
"GO:0005880",0.238944
"GO:0004825",0.238971
"GO:0071985",0.239221
"GO:0032452",0.239916
"GO:0031624",0.240212
"GO:0006071",0.240677
"GO:0000212",0.24124
"GO:0033539",0.241252
"GO:0010601",0.241751
"GO:0008612",0.241799
"GO:0016671",0.24214
"GO:0003713",0.243
"GO:0010431",0.243156
"GO:0006888",0.243311
"GO:0043604",0.243549
"GO:0007142",0.243712
"GO:0003988",0.243759
"GO:0010313",0.244098
"GO:0000177",0.245221
"GO:0019458",0.245619
"GO:0031327",0.245973
"GO:0070483",0.246136
"GO:0016229",0.246257
"GO:0010276",0.246491
"GO:0045727",0.246793
"GO:0010054",0.247184
"GO:0006122",0.247528
"GO:0032366",0.247761
"GO:0031357",0.247839
"GO:0032940",0.248255
"GO:0016328",0.248486
"GO:0010336",0.248596
"GO:0042659",0.248661
"GO:0044347",0.248726
"GO:0010120",0.248755
"GO:0010468",0.249063
"GO:0007004",0.249232
"GO:0010540",0.249537
"GO:0008420",0.250017
"GO:0003852",0.250766
"GO:0031072",0.251426
"GO:0015081",0.251553
"GO:0005765",0.251828
"GO:1901575",0.252034
"GO:0009700",0.252231
"GO:0044038",0.252661
"GO:0045272",0.253232
"GO:0008295",0.253246
"GO:0070330",0.25328
"GO:2000114",0.253486
"GO:0006672",0.253534
"GO:0050201",0.25355
"GO:0042352",0.25355
"GO:0005227",0.253552
"GO:0031222",0.254058
"GO:0060236",0.254732
"GO:1900030",0.254851
"GO:0010088",0.254882
"GO:0001731",0.255488
"GO:0030267",0.255532
"GO:0001666",0.256013
"GO:0016756",0.25602
"GO:2000369",0.257252
"GO:0000775",0.25739
"GO:0070476",0.257745
"GO:0005080",0.257857
"GO:0045227",0.257864
"GO:0033358",0.257864
"GO:0090431",0.257991
"GO:0048509",0.258026
"GO:0080122",0.258115
"GO:0101005",0.258715
"GO:0071011",0.258762
"GO:0010508",0.259119
"GO:0006782",0.259485
"GO:0006108",0.259712
"GO:0140326",0.259978
"GO:0055072",0.260083
"GO:0060586",0.260323
"GO:1903648",0.260474
"GO:0016846",0.260599
"GO:0019344",0.260851
"GO:0090436",0.261318
"GO:0008381",0.261353
"GO:0000776",0.261598
"GO:0030008",0.261965
"GO:0050790",0.262024
"GO:0048046",0.262124
"GO:0071028",0.262296
"GO:0017040",0.262695
"GO:0004499",0.264105
"GO:0071294",0.264599
"GO:0010272",0.265376
"GO:0106029",0.265561
"GO:0042277",0.265762
"GO:0010078",0.265885
"GO:0080142",0.265916
"GO:0019789",0.266305
"GO:0080022",0.266421
"GO:0000178",0.26648
"GO:0004067",0.267153
"GO:0014070",0.267184
"GO:0047498",0.267227
"GO:0005732",0.267265
"GO:0048226",0.268037
"GO:0051726",0.26824
"GO:0070176",0.268691
"GO:0055047",0.269075
"GO:0061617",0.269367
"GO:0003951",0.269591
"GO:0019852",0.269647
"GO:0043765",0.269688
"GO:0010112",0.269787
"GO:0007112",0.269836
"GO:0070847",0.269842
"GO:0044087",0.270823
"GO:0005049",0.271182
"GO:0042389",0.271596
"GO:0071453",0.27174
"GO:0018708",0.27191
"GO:0071618",0.271914
"GO:0051176",0.272841
"GO:1902275",0.273117
"GO:0043484",0.273179
"GO:0002098",0.273875
"GO:0004698",0.273974
"GO:0006535",0.274185
"GO:0072598",0.274444
"GO:1904263",0.274495
"GO:0071439",0.274508
"GO:0003724",0.274993
"GO:0000815",0.275036
"GO:0004144",0.275587
"GO:0010439",0.275867
"GO:0016075",0.275891
"GO:0000724",0.275892
"GO:0042286",0.276333
"GO:0034551",0.276646
"GO:0061062",0.276976
"GO:0062055",0.277219
"GO:0007165",0.278211
"GO:0000470",0.278225
"GO:0042349",0.278657
"GO:0003841",0.27872
"GO:0035312",0.27877
"GO:0010024",0.279609
"GO:0006891",0.279893
"GO:0045899",0.279983
"GO:0016881",0.280063
"GO:0005687",0.280297
"GO:0034039",0.280624
"GO:0044571",0.280807
"GO:0005769",0.281075
"GO:0035861",0.281216
"GO:0009908",0.282475
"GO:0009531",0.282487
"GO:0033063",0.2834
"GO:0008134",0.283588
"GO:0003680",0.283748
"GO:0044205",0.284434
"GO:0008962",0.285299
"GO:0051093",0.28582
"GO:2000143",0.286
"GO:0010345",0.286053
"GO:0015035",0.286272
"GO:0046976",0.286378
"GO:0015700",0.286528
"GO:0080110",0.287626
"GO:0006208",0.287963
"GO:0046975",0.288078
"GO:2000022",0.288673
"GO:0051511",0.288984
"GO:0016311",0.289234
"GO:0090227",0.289768
"GO:0061817",0.290104
"GO:0042178",0.290273
"GO:0080107",0.290425
"GO:1902040",0.290508
"GO:0106046",0.290562
"GO:0036529",0.290562
"GO:0043424",0.29061
"GO:0080008",0.290697
"GO:0032509",0.291452
"GO:0002240",0.291719
"GO:0000460",0.291833
"GO:0031087",0.291992
"GO:0016570",0.292048
"GO:0010363",0.292139
"GO:0006824",0.292253
"GO:0071257",0.292497
"GO:0042866",0.292654
"GO:0030378",0.292654
"GO:0009898",0.29267
"GO:0015979",0.292943
"GO:1900426",0.293727
"GO:0071497",0.294567
"GO:0031349",0.295194
"GO:1901642",0.295294
"GO:0019419",0.296414
"GO:0034470",0.29672
"GO:0009440",0.296979
"GO:0032877",0.297146
"GO:0005524",0.297357
"GO:0071004",0.298091
"GO:0010476",0.298393
"GO:0004371",0.298694
"GO:0001006",0.298828
"GO:0071013",0.299201
"GO:0031118",0.30004
"GO:0031120",0.30004
"GO:0005689",0.300129
"GO:0004629",0.300275
"GO:0006597",0.30093
"GO:0048283",0.301126
"GO:0009554",0.301563
"GO:0030119",0.301602
"GO:0046592",0.301816
"GO:0009965",0.302616
"GO:0048476",0.303199
"GO:0048527",0.303719
"GO:0015085",0.304104
"GO:0000028",0.304313
"GO:0010485",0.305223
"GO:2000031",0.305269
"GO:0031307",0.305556
"GO:0031490",0.305735
"GO:0050613",0.30597
"GO:0071323",0.306181
"GO:0009834",0.306278
"GO:0009982",0.306749
"GO:0043414",0.306761
"GO:0050482",0.307709
"GO:0030307",0.308162
"GO:0015462",0.308502
"GO:0048480",0.309032
"GO:0006360",0.309112
"GO:0010364",0.309117
"GO:1901347",0.310113
"GO:0030015",0.310129
"GO:0065002",0.310188
"GO:0051246",0.310215
"GO:0009270",0.310517
"GO:0043085",0.310605
"GO:0009610",0.310778
"GO:0042736",0.310894
"GO:0019674",0.310894
"GO:0009986",0.311377
"GO:0034088",0.311433
"GO:1901407",0.311706
"GO:0006351",0.311745
"GO:0008375",0.311754
"GO:0006621",0.311868
"GO:0006417",0.311882
"GO:0010351",0.312009
"GO:1900384",0.312083
"GO:0051499",0.312284
"GO:0030660",0.312429
"GO:0055075",0.31246
"GO:0080153",0.312621
"GO:1902584",0.313127
"GO:0010444",0.314116
"GO:0070180",0.314147
"GO:0097167",0.314608
"GO:0015367",0.314783
"GO:0010330",0.314875
"GO:0008154",0.315044
"GO:0036297",0.315184
"GO:0000262",0.315269
"GO:1903338",0.315695
"GO:0001708",0.315742
"GO:0003684",0.315983
"GO:0009765",0.316259
"GO:0010350",0.316429
"GO:1904350",0.31661
"GO:0010161",0.316888
"GO:0080117",0.317008
"GO:0009882",0.317574
"GO:1905642",0.318607
"GO:0006301",0.318986
"GO:0071456",0.31917
"GO:0003756",0.319231
"GO:0042802",0.319245
"GO:0046949",0.319434
"GO:0016168",0.319866
"GO:0007059",0.320132
"GO:0042256",0.320556
"GO:0046482",0.321024
"GO:0034198",0.321483
"GO:0008540",0.322343
"GO:0005667",0.322375
"GO:0008865",0.323388
"GO:0009506",0.323492
"GO:0005315",0.323834
"GO:0010310",0.323854
"GO:0018444",0.323978
"GO:0016233",0.324444
"GO:0032549",0.324557
"GO:0016891",0.324894
"GO:0017050",0.325042
"GO:0007568",0.325262
"GO:0019265",0.325322
"GO:0052543",0.325657
"GO:0010053",0.325753
"GO:0005652",0.325919
"GO:0003985",0.326067
"GO:0003916",0.32669
"GO:0009742",0.327094
"GO:0010090",0.327118
"GO:0050308",0.327192
"GO:0008610",0.327244
"GO:0003677",0.327709
"GO:0004185",0.328069
"GO:0009830",0.328087
"GO:0042450",0.328246
"GO:0009645",0.328251
"GO:0030574",0.329118
"GO:0001714",0.329356
"GO:0043138",0.329441
"GO:0009967",0.32987
"GO:0090602",0.329953
"GO:0046084",0.330046
"GO:0004641",0.330046
"GO:0005797",0.330058
"GO:0009973",0.330088
"GO:0033741",0.330088
"GO:0008187",0.330107
"GO:0017069",0.330297
"GO:0071490",0.331491
"GO:0072593",0.331933
"GO:0015089",0.331933
"GO:0005047",0.332145
"GO:0006614",0.332532
"GO:0097298",0.333317
"GO:0019447",0.33337
"GO:0006429",0.333825
"GO:0010731",0.334552
"GO:0000226",0.334709
"GO:2000058",0.335733
"GO:0019216",0.336082
"GO:0033993",0.336225
"GO:0010407",0.336449
"GO:0009956",0.336989
"GO:0010032",0.337243
"GO:0048467",0.337315
"GO:0004032",0.337545
"GO:0009644",0.338486
"GO:0004128",0.338597
"GO:0070300",0.338751
"GO:0016051",0.338842
"GO:0050265",0.338936
"GO:0071076",0.338936
"GO:0030295",0.3393
"GO:0052324",0.339795
"GO:0000469",0.340611
"GO:0006013",0.340648
"GO:1901703",0.340667
"GO:0060195",0.340806
"GO:1905037",0.341249
"GO:0030042",0.341621
"GO:0043408",0.341669
"GO:0071485",0.342191
"GO:0010104",0.342381
"GO:0036396",0.342391
"GO:0030955",0.343134
"GO:0006893",0.343338
"GO:0008308",0.343959
"GO:2000060",0.344266
"GO:0008798",0.344313
"GO:0008233",0.344435
"GO:0009910",0.344871
"GO:0008061",0.345034
"GO:0070940",0.345107
"GO:0032119",0.345242
"GO:0070461",0.345751
"GO:0004864",0.345974
"GO:0004867",0.346611
"GO:0009553",0.347829
"GO:0061513",0.34793
"GO:0052325",0.34854
"GO:0005179",0.348573
"GO:0010011",0.348812
"GO:0008250",0.34903
"GO:0000179",0.349635
"GO:0017005",0.349716
"GO:0006294",0.350353
"GO:1990542",0.350445
"GO:0005745",0.350829
"GO:0015770",0.351373
"GO:0072318",0.35161
"GO:0009630",0.351647
"GO:0006972",0.351982
"GO:0048482",0.351983
"GO:0017057",0.352638
"GO:0036065",0.352836
"GO:0016578",0.35327
"GO:0045332",0.353373
"GO:0009785",0.353887
"GO:0090404",0.354192
"GO:0045128",0.354355
"GO:0050373",0.354652
"GO:0015790",0.354843
"GO:0015288",0.354881
"GO:0004438",0.354921
"GO:1903046",0.354946
"GO:0004861",0.355378
"GO:0019048",0.355523
"GO:0000340",0.355843
"GO:0000122",0.355928
"GO:0006465",0.355946
"GO:0030863",0.356401
"GO:0046167",0.356641
"GO:2000023",0.356684
"GO:1903224",0.356993
"GO:0004618",0.357118
"GO:0000725",0.358241
"GO:0002229",0.35837
"GO:0070681",0.358925
"GO:0016538",0.359443
"GO:0035435",0.359664
"GO:0034976",0.360395
"GO:0005261",0.360451
"GO:0004650",0.360615
"GO:0004109",0.360735
"GO:0035017",0.360894
"GO:0070179",0.361159
"GO:0004449",0.361262
"GO:0006469",0.362442
"GO:0046715",0.362863
"GO:0045261",0.363053
"GO:0005483",0.363201
"GO:0006751",0.363317
"GO:0060359",0.363689
"GO:0005337",0.363856
"GO:0006779",0.364007
"GO:0034432",0.364771
"GO:0050551",0.365138
"GO:0004719",0.365204
"GO:0019761",0.365267
"GO:1905177",0.365864
"GO:0071261",0.366351
"GO:0010581",0.366606
"GO:0101031",0.36683
"GO:0030308",0.367083
"GO:0071705",0.367779
"GO:0046785",0.36806
"GO:0010604",0.368074
"GO:0009690",0.368163
"GO:0031119",0.36827
"GO:0033263",0.368484
"GO:0072686",0.368549
"GO:2000785",0.368613
"GO:0000712",0.368621
"GO:0004088",0.368964
"GO:0005951",0.368964
"GO:0051287",0.369059
"GO:0016099",0.369191
"GO:0006897",0.370456
"GO:0071483",0.370472
"GO:0000254",0.370963
"GO:0016491",0.371981
"GO:0009819",0.372037
"GO:0090630",0.372081
"GO:0010584",0.372449
"GO:0015802",0.372464
"GO:0000723",0.372877
"GO:0010287",0.37322
"GO:0034620",0.373469
"GO:0008177",0.3736
"GO:0016747",0.373961
"GO:0016791",0.374021
"GO:0015692",0.374884
"GO:0004363",0.375349
"GO:0004674",0.375409
"GO:0051604",0.377027
"GO:0032204",0.377182
"GO:0016575",0.377641
"GO:0005774",0.377671
"GO:0044262",0.377684
"GO:0042170",0.378215
"GO:0050307",0.378383
"GO:0034263",0.378607
"GO:0034399",0.378897
"GO:0080054",0.379325
"GO:0010117",0.379641
"GO:0045273",0.379693
"GO:0010425",0.379937
"GO:0048443",0.380288
"GO:2001009",0.380507
"GO:0046321",0.380509
"GO:0070938",0.380662
"GO:0005746",0.381072
"GO:0004044",0.381103
"GO:0000977",0.381151
"GO:0033597",0.382581
"GO:0070006",0.38266
"GO:0004797",0.382827
"GO:0045088",0.383142
"GO:0045903",0.383652
"GO:0009883",0.384154
"GO:0019901",0.384504
"GO:0034335",0.384535
"GO:0140426",0.384632
"GO:0060149",0.385067
"GO:0090506",0.385347
"GO:0006413",0.385816
"GO:0006099",0.38582
"GO:0007029",0.38583
"GO:0009269",0.388216
"GO:0010296",0.388578
"GO:0044390",0.388958
"GO:0019104",0.389845
"GO:0006873",0.390173
"GO:0071474",0.390179
"GO:0005839",0.390323
"GO:2000232",0.390522
"GO:0048024",0.390599
"GO:0045793",0.390621
"GO:0004765",0.390643
"GO:0099636",0.391209
"GO:0006368",0.391264
"GO:0071281",0.391987
"GO:0004349",0.392045
"GO:0004350",0.392045
"GO:0000478",0.392473
"GO:0010393",0.392562
"GO:0030100",0.392731
"GO:0008889",0.39279
"GO:0051239",0.393521
"GO:0051484",0.394312
"GO:1902182",0.394432
"GO:1903754",0.394478
"GO:0008551",0.394706
"GO:0009653",0.394708
"GO:0043024",0.394802
"GO:0043171",0.395445
"GO:0031669",0.395562
"GO:0080182",0.395579
"GO:0009851",0.395709
"GO:0003743",0.395744
"GO:0051570",0.395818
"GO:0071006",0.395873
"GO:0035352",0.396129
"GO:0051724",0.396129
"GO:0004049",0.396211
"GO:0003899",0.396511
"GO:0043254",0.396533
"GO:0062012",0.396578
"GO:0000387",0.396954
"GO:0098869",0.397133
"GO:0071423",0.397536
"GO:0010214",0.397595
"GO:0016592",0.397739
"GO:0010623",0.397792
"GO:0048359",0.397895
"GO:0004582",0.398416
"GO:0000919",0.399241
"GO:0006576",0.399927
"GO:0030705",0.399988
"GO:0048479",0.399997
"GO:0071396",0.400236
"GO:1902533",0.400481
"GO:0031334",0.400762
"GO:0006435",0.401197
"GO:0006814",0.401496
"GO:0071242",0.40165
"GO:1903507",0.401767
"GO:0030029",0.402267
"GO:0052542",0.402299
"GO:0010896",0.402629
"GO:0007127",0.402929
"GO:0044264",0.403166
"GO:1900060",0.403424
"GO:0035339",0.403424
"GO:0000380",0.403689
"GO:0052740",0.404082
"GO:0052739",0.404082
"GO:0006970",0.404361
"GO:0000095",0.405418
"GO:0031647",0.406083
"GO:0034504",0.406536
"GO:0010960",0.40667
"GO:0006424",0.406737
"GO:0045039",0.406871
"GO:1902448",0.407144
"GO:0031593",0.407291
"GO:0000176",0.407499
"GO:0016540",0.407755
"GO:0043407",0.407833
"GO:0033549",0.407833
"GO:0043409",0.408217
"GO:0008330",0.408217
"GO:0015172",0.408333
"GO:0006820",0.408397
"GO:0090615",0.408422
"GO:0048481",0.408452
"GO:0051247",0.408894
"GO:2000905",0.408894
"GO:0005884",0.409728
"GO:0097255",0.409813
"GO:0031399",0.410362
"GO:0052692",0.410436
"GO:0048510",0.41087
"GO:0030904",0.411317
"GO:0003917",0.411525
"GO:0070012",0.411737
"GO:0009510",0.411798
"GO:0009643",0.412058
"GO:0044550",0.412258
"GO:0018920",0.412931
"GO:0003866",0.412931
"GO:0016593",0.413352
"GO:0000150",0.413376
"GO:0051645",0.413467
"GO:0031491",0.413581
"GO:0070878",0.413735
"GO:0009044",0.413983
"GO:2001070",0.414038
"GO:0019888",0.414217
"GO:0072657",0.414336
"GO:0045736",0.414695
"GO:0047631",0.414836
"GO:0090610",0.414904
"GO:0005663",0.415113
"GO:0140078",0.415155
"GO:0006913",0.415167
"GO:0016034",0.415421
"GO:0000287",0.415976
"GO:0001671",0.415998
"GO:0009744",0.41641
"GO:0044030",0.416426
"GO:1903647",0.416742
"GO:0031468",0.416932
"GO:0005743",0.416975
"GO:0043504",0.417198
"GO:0000461",0.417206
"GO:0010608",0.417369
"GO:0032885",0.418038
"GO:0030915",0.418621
"GO:0018171",0.419128
"GO:0017172",0.419128
"GO:0009939",0.419132
"GO:0036104",0.419161
"GO:0016604",0.419271
"GO:0006148",0.420983
"GO:0018205",0.421028
"GO:0102756",0.42103
"GO:0030247",0.421692
"GO:0005546",0.421797
"GO:0018008",0.421982
"GO:0060966",0.422114
"GO:0000151",0.423192
"GO:0046938",0.423201
"GO:0004450",0.423647
"GO:0045309",0.423741
"GO:0006591",0.424278
"GO:0010212",0.425466
"GO:0009977",0.425529
"GO:0010332",0.425565
"GO:0045087",0.425648
"GO:0060866",0.426211
"GO:0046168",0.426546
"GO:0004367",0.426546
"GO:0010498",0.427731
"GO:0034475",0.427968
"GO:0035335",0.428
"GO:0005543",0.428573
"GO:0010193",0.428757
"GO:0007623",0.429652
"GO:0006777",0.429771
"GO:0008478",0.42995
"GO:1902183",0.430005
"GO:0042796",0.430093
"GO:0042795",0.430093
"GO:0009559",0.430211
"GO:0006096",0.43026
"GO:0099503",0.430599
"GO:0010099",0.430923
"GO:0006826",0.430998
"GO:0043928",0.431139
"GO:0000400",0.431541
"GO:0009782",0.431692
"GO:0016041",0.432758
"GO:0015930",0.432758
"GO:0080114",0.432758
"GO:1902290",0.432801
"GO:0004175",0.433401
"GO:0019432",0.434646
"GO:0009845",0.434851
"GO:0006284",0.435038
"GO:0031663",0.435137
"GO:0006468",0.435362
"GO:0047427",0.435486
"GO:0002238",0.436039
"GO:0005771",0.43664
"GO:0080024",0.436671
"GO:0045338",0.436704
"GO:0009916",0.437493
"GO:0004602",0.437808
"GO:0009330",0.438301
"GO:0000103",0.43869
"GO:0046467",0.438764
"GO:0006811",0.440164
"GO:0050829",0.440394
"GO:0043048",0.440434
"GO:0004168",0.440434
"GO:0060964",0.44105
"GO:0061458",0.441138
"GO:0042054",0.441634
"GO:0032453",0.441996
"GO:0031304",0.442423
"GO:0009812",0.442928
"GO:0045038",0.443233
"GO:0140547",0.44349
"GO:0016444",0.443862
"GO:0009651",0.444537
"GO:0071407",0.44521
"GO:0004523",0.445732
"GO:0009102",0.445883
"GO:0010288",0.445986
"GO:0106118",0.446332
"GO:0010362",0.446426
"GO:0000325",0.446487
"GO:0004743",0.44665
"GO:0006793",0.447189
"GO:0000138",0.447278
"GO:0010118",0.447607
"GO:0017022",0.447726
"GO:0048531",0.447885
"GO:0044611",0.448021
"GO:0045334",0.448404
"GO:0055129",0.448997
"GO:0103075",0.449027
"GO:0033043",0.449262
"GO:0004140",0.449384
"GO:0009404",0.449727
"GO:0006312",0.450387
"GO:0010279",0.450521
"GO:0016887",0.450537
"GO:0000913",0.450681
"GO:0035529",0.450683
"GO:0050776",0.450992
"GO:0043007",0.451048
"GO:0004351",0.451397
"GO:0004366",0.45166
"GO:0004672",0.452184
"GO:0000381",0.452314
"GO:0010074",0.452718
"GO:0043090",0.452755
"GO:0022626",0.452873
"GO:0000159",0.452986
"GO:0043572",0.453336
"GO:0046537",0.453585
"GO:0005618",0.453606
"GO:0034063",0.453886
"GO:0006265",0.454109
"GO:0031116",0.454481
"GO:0035436",0.455368
"GO:0019725",0.455471
"GO:0031683",0.455707
"GO:0031426",0.456521
"GO:0051596",0.456657
"GO:1903457",0.456657
"GO:0005677",0.456658
"GO:0031372",0.45696
"GO:0005675",0.457254
"GO:0061631",0.457659
"GO:0030983",0.457743
"GO:0008379",0.457787
"GO:0007009",0.458397
"GO:0047714",0.458738
"GO:0008139",0.459477
"GO:0000086",0.459523
"GO:0004540",0.459652
"GO:0034553",0.459696
"GO:0010124",0.459784
"GO:1902456",0.460194
"GO:0000814",0.460238
"GO:0009783",0.460614
"GO:2000693",0.461039
"GO:1904278",0.461448
"GO:0045430",0.463002
"GO:0002184",0.463468
"GO:0030619",0.463533
"GO:0055089",0.463556
"GO:0044687",0.463578
"GO:0009826",0.463927
"GO:0033926",0.464045
"GO:0004830",0.464279
"GO:0006436",0.464279
"GO:0015698",0.464604
"GO:0034090",0.465049
"GO:0019902",0.465324
"GO:0008104",0.4661
"GO:0032365",0.466402
"GO:0008661",0.466727
"GO:0052865",0.466727
"GO:0009729",0.467192
"GO:0080136",0.467505
"GO:0005525",0.467626
"GO:0009646",0.468194
"GO:0015780",0.468244
"GO:0009532",0.468761
"GO:0030410",0.468803
"GO:0030418",0.468803
"GO:0008242",0.469825
"GO:0009383",0.469938
"GO:0004333",0.470091
"GO:0006106",0.470091
"GO:0071492",0.470289
"GO:0048831",0.470461
"GO:0090156",0.471691
"GO:0031407",0.472051
"GO:0043562",0.472052
"GO:0010051",0.472181
"GO:0009526",0.472272
"GO:0051493",0.472403
"GO:0010847",0.47296
"GO:0009142",0.47336
"GO:0004222",0.473534
"GO:2000306",0.47354
"GO:0000439",0.473565
"GO:0030479",0.473677
"GO:0006189",0.473824
"GO:0071368",0.474288
"GO:0080009",0.474632
"GO:0051085",0.474697
"GO:0004148",0.475502
"GO:0051510",0.475766
"GO:0005976",0.475883
"GO:0030943",0.47607
"GO:0004356",0.476485
"GO:0032502",0.476966
"GO:0051555",0.476994
"GO:0030968",0.477438
"GO:0003993",0.4775
"GO:0031538",0.478086
"GO:0008515",0.478644
"GO:0043069",0.478818
"GO:0043186",0.478965
"GO:0033557",0.479161
"GO:0004143",0.479344
"GO:0006950",0.479477
"GO:0015918",0.47949
"GO:0031117",0.479863
"GO:0006412",0.480013
"GO:0034485",0.480981
"GO:0009706",0.481164
"GO:0010187",0.481739
"GO:0004425",0.481756
"GO:0004675",0.482141
"GO:0034982",0.482151
"GO:0003779",0.482581
"GO:0009963",0.482691
"GO:0008064",0.482769
"GO:0010374",0.482854
"GO:0080113",0.483101
"GO:0005881",0.483114
"GO:0004347",0.483267
"GO:0000720",0.483329
"GO:1901255",0.483329
"GO:0031115",0.483333
"GO:0080159",0.483403
"GO:0007035",0.483743
"GO:0009962",0.483881
"GO:0010226",0.484177
"GO:0006090",0.484298
"GO:0034599",0.484792
"GO:0005829",0.484873
"GO:0006605",0.485073
"GO:0009892",0.485077
"GO:1901361",0.485279
"GO:0006470",0.485324
"GO:1904812",0.485621
"GO:0006567",0.486308
"GO:0009061",0.48633
"GO:0010036",0.486554
"GO:0005684",0.486872
"GO:0051082",0.487144
"GO:0015193",0.487592
"GO:0047484",0.488157
"GO:1901981",0.489399
"GO:0008442",0.489472
"GO:0005886",0.489531
"GO:0016487",0.489711
"GO:0008408",0.490622
"GO:0048194",0.490701
"GO:0034647",0.491177
"GO:0010186",0.49124
"GO:0005938",0.491319
"GO:0043933",0.491415
"GO:0044183",0.492119
"GO:0030488",0.492168
"GO:0005338",0.49235
"GO:0000408",0.492652
"GO:0006828",0.492703
"GO:0070525",0.493418
"GO:0006952",0.493747
"GO:0016973",0.494323
"GO:0018024",0.494729
"GO:0070552",0.494785
"GO:0009825",0.494818
"GO:0019628",0.494818
"GO:0042797",0.495123
"GO:0034968",0.495369
"GO:0043182",0.495703
"GO:0006694",0.495807
"GO:0030515",0.496483
"GO:0006995",0.496643
"GO:0071732",0.496858
"GO:0009058",0.496979
"GO:0001727",0.497204
"GO:0006044",0.497661
"GO:0010168",0.497845
"GO:0030163",0.498461
"GO:0015986",0.498647
"GO:0005744",0.499009
"GO:0016847",0.499031
"GO:0009415",0.499606
"GO:0016818",0.499788
"GO:0098572",0.500009
"GO:0006303",0.500133
"GO:0080025",0.500496
"GO:0005750",0.500582
"GO:0043436",0.500643
"GO:0048487",0.501325
"GO:0045842",0.501789
"GO:0006650",0.502201
"GO:2000012",0.502435
"GO:0006398",0.502655
"GO:0048768",0.502792
"GO:0010383",0.503023
"GO:0015267",0.503325
"GO:0015086",0.503442
"GO:0006012",0.503455
"GO:0007051",0.50378
"GO:0004709",0.503981
"GO:0016102",0.504094
"GO:0004471",0.5041
"GO:0004470",0.5041
"GO:0001164",0.504271
"GO:0009637",0.504667
"GO:0071916",0.504673
"GO:0008725",0.504791
"GO:0090069",0.504808
"GO:0009626",0.504853
"GO:0010337",0.505321
"GO:0033614",0.505335
"GO:0032389",0.50548
"GO:0004402",0.50581
"GO:0051567",0.505868
"GO:0000395",0.505972
"GO:0010076",0.506138
"GO:0000813",0.506269
"GO:0009736",0.50713
"GO:0000079",0.507294
"GO:0047429",0.507416
"GO:0000786",0.507449
"GO:0016236",0.507572
"GO:1905582",0.507832
"GO:0005986",0.507994
"GO:0051920",0.508064
"GO:0005622",0.508172
"GO:0005739",0.508713
"GO:0050801",0.508747
"GO:0051443",0.509159
"GO:0031519",0.509173
"GO:0033925",0.509241
"GO:0102229",0.509391
"GO:0032299",0.509515
"GO:0006384",0.510002
"GO:0009266",0.510552
"GO:0048451",0.510621
"GO:0005987",0.51102
"GO:0032588",0.511381
"GO:0006449",0.511992
"GO:0047134",0.512022
"GO:0009660",0.512265
"GO:1901000",0.512267
"GO:0016706",0.512379
"GO:0010152",0.512485
"GO:0000292",0.512814
"GO:0035865",0.513203
"GO:0004566",0.513366
"GO:0050982",0.513433
"GO:0032875",0.51389
"GO:0033185",0.513999
"GO:0006878",0.514625
"GO:0019693",0.514644
"GO:0000137",0.514937
"GO:0019483",0.514944
"GO:0042938",0.514969
"GO:1904294",0.515258
"GO:0000156",0.515808
"GO:0008146",0.515994
"GO:0048653",0.51641
"GO:0000940",0.516545
"GO:0046514",0.516658
"GO:0000155",0.516843
"GO:0034450",0.517014
"GO:0003979",0.517021
"GO:0051537",0.517317
"GO:0051787",0.517495
"GO:0048646",0.51802
"GO:0000489",0.518023
"GO:0000488",0.518023
"GO:0006473",0.520189
"GO:0004609",0.520354
"GO:0017017",0.520374
"GO:0030897",0.520716
"GO:0080041",0.520891
"GO:0031965",0.522086
"GO:0051010",0.522229
"GO:1900111",0.522754
"GO:0000243",0.523125
"GO:0009443",0.523183
"GO:0033201",0.524025
"GO:0003830",0.524087
"GO:0008114",0.524225
"GO:0046104",0.524247
"GO:1905775",0.524323
"GO:1902074",0.524512
"GO:0043547",0.524863
"GO:0044772",0.524918
"GO:0034388",0.525019
"GO:0048629",0.525154
"GO:0070932",0.525544
"GO:0002020",0.525586
"GO:0042026",0.525761
"GO:0004020",0.525797
"GO:0070814",0.525797
"GO:0019499",0.525919
"GO:0102483",0.525989
"GO:0006882",0.526652
"GO:0070063",0.527353
"GO:1900033",0.528804
"GO:0000779",0.528914
"GO:0009528",0.529192
"GO:1901605",0.529252
"GO:0003879",0.52984
"GO:0035514",0.530074
"GO:0043481",0.530474
"GO:0010270",0.530604
"GO:0005682",0.530642
"GO:0004799",0.531377
"GO:0004146",0.531377
"GO:0006231",0.531377
"GO:0016192",0.531522
"GO:0004521",0.531616
"GO:0071244",0.531768
"GO:0043328",0.532029
"GO:0070734",0.532189
"GO:0071025",0.532445
"GO:0070966",0.532445
"GO:0070651",0.532445
"GO:0031969",0.532662
"GO:0032040",0.533141
"GO:0015250",0.53336
"GO:0010006",0.533899
"GO:0006850",0.534047
"GO:0000123",0.53428
"GO:0034719",0.534414
"GO:0030131",0.534931
"GO:0002752",0.535794
"GO:0032499",0.535794
"GO:0033523",0.536011
"GO:0048523",0.536054
"GO:0008175",0.536063
"GO:0045786",0.536177
"GO:0019829",0.536949
"GO:0031429",0.537291
"GO:0006376",0.537608
"GO:0043229",0.537666
"GO:0000301",0.537722
"GO:0080112",0.537953
"GO:0010047",0.538422
"GO:0009057",0.538488
"GO:0007346",0.538504
"GO:0004077",0.538594
"GO:0000808",0.539044
"GO:0030659",0.539068
"GO:0016126",0.539378
"GO:0043531",0.539479
"GO:0006307",0.539763
"GO:0006807",0.539802
"GO:0009414",0.54053
"GO:0009813",0.540533
"GO:0035618",0.541575
"GO:0071280",0.541649
"GO:0004617",0.541775
"GO:0006741",0.541906
"GO:0001046",0.542576
"GO:0080060",0.542596
"GO:0048598",0.542633
"GO:0009789",0.542861
"GO:0000727",0.543136
"GO:0000421",0.543705
"GO:0006996",0.544929
"GO:0004930",0.54497
"GO:0000280",0.545163
"GO:0032260",0.545178
"GO:0070979",0.545206
"GO:0010037",0.545695
"GO:0044208",0.545731
"GO:0008285",0.545893
"GO:0009687",0.546069
"GO:0009751",0.546101
"GO:0004623",0.54617
"GO:0070181",0.546476
"GO:0048522",0.546585
"GO:0009678",0.546854
"GO:1901747",0.547086
"GO:0004106",0.547086
"GO:0006646",0.54763
"GO:0046556",0.547716
"GO:0010495",0.547963
"GO:1990570",0.548155
"GO:0051301",0.548259
"GO:0030687",0.54841
"GO:0009624",0.548686
"GO:0010026",0.548787
"GO:0042180",0.548799
"GO:0051781",0.54903
"GO:0008143",0.549498
"GO:0051923",0.550075
"GO:0046203",0.550282
"GO:0044281",0.550601
"GO:0006990",0.550646
"GO:1990019",0.550671
"GO:0004528",0.55125
"GO:1901529",0.551637
"GO:0006611",0.551665
"GO:0005575",0.551696
"GO:0035825",0.551934
"GO:0034715",0.552019
"GO:0010200",0.552071
"GO:0046512",0.552224
"GO:0009611",0.553118
"GO:0008728",0.553425
"GO:0009086",0.553497
"GO:0046148",0.553903
"GO:0000220",0.554135
"GO:0090059",0.55459
"GO:0010541",0.555116
"GO:0007093",0.555316
"GO:0051026",0.555397
"GO:0009409",0.556094
"GO:0006427",0.556098
"GO:0006729",0.556113
"GO:0015491",0.556136
"GO:0000210",0.556437
"GO:0042335",0.556711
"GO:0004707",0.557029
"GO:0035064",0.557579
"GO:0000015",0.557685
"GO:0003953",0.557959
"GO:0033013",0.55829
"GO:0009808",0.559308
"GO:0003950",0.559321
"GO:0048314",0.559787
"GO:0009890",0.559796
"GO:0071669",0.560175
"GO:0098712",0.560556
"GO:0048188",0.560653
"GO:0042555",0.560731
"GO:0098771",0.560774
"GO:0046577",0.561092
"GO:0050660",0.561123
"GO:0071704",0.561529
"GO:0046900",0.561651
"GO:0036402",0.561889
"GO:1901847",0.561935
"GO:0042300",0.562826
"GO:0010588",0.563167
"GO:0016106",0.563294
"GO:0009979",0.563368
"GO:0044206",0.563452
"GO:0009314",0.56423
"GO:0000791",0.56492
"GO:0071398",0.565798
"GO:0004016",0.565924
"GO:0043985",0.565988
"GO:0046873",0.566071
"GO:0000303",0.566693
"GO:0007062",0.566948
"GO:0015114",0.567396
"GO:0035987",0.567403
"GO:0015938",0.568259
"GO:0010945",0.568259
"GO:0006430",0.568263
"GO:0009723",0.568933
"GO:0001709",0.569337
"GO:0009556",0.569798
"GO:0070207",0.569918
"GO:0006121",0.570217
"GO:0003690",0.57028
"GO:2000034",0.571078
"GO:0080181",0.571179
"GO:0043021",0.57129
"GO:0090698",0.571549
"GO:0009840",0.571564
"GO:0009800",0.571835
"GO:0031668",0.571939
"GO:0004673",0.572047
"GO:0006997",0.572143
"GO:0022603",0.572865
"GO:0006750",0.573186
"GO:1901135",0.573466
"GO:0006207",0.5736
"GO:0015095",0.574042
"GO:0006165",0.574126
"GO:0030187",0.574326
"GO:0010245",0.574334
"GO:0009640",0.574633
"GO:0071917",0.574927
"GO:0010555",0.574983
"GO:0034051",0.575004
"GO:0009913",0.575084
"GO:0009891",0.575155
"GO:0009934",0.575385
"GO:0030592",0.575385
"GO:0032300",0.575432
"GO:0010628",0.576247
"GO:0007017",0.576279
"GO:0010215",0.576304
"GO:0071933",0.576309
"GO:0034237",0.576309
"GO:0045717",0.576788
"GO:0010035",0.576828
"GO:0070403",0.576987
"GO:0072710",0.577415
"GO:0035513",0.578251
"GO:0006665",0.578859
"GO:0046486",0.578877
"GO:0004066",0.57893
"GO:0031261",0.579025
"GO:0016567",0.579055
"GO:0005513",0.579566
"GO:0034427",0.579591
"GO:0010333",0.57988
"GO:2000123",0.580541
"GO:0004190",0.580783
"GO:0008137",0.581136
"GO:0006879",0.581136
"GO:0009113",0.58118
"GO:0106167",0.582199
"GO:0009298",0.582297
"GO:0010181",0.582324
"GO:0010224",0.582444
"GO:0031542",0.582782
"GO:0071329",0.583308
"GO:0048040",0.583563
"GO:0090351",0.583686
"GO:0003714",0.583726
"GO:0043078",0.583934
"GO:0140301",0.584044
"GO:0016174",0.584507
"GO:0008080",0.584625
"GO:0009961",0.585539
"GO:0030276",0.585568
"GO:0009245",0.585675
"GO:0005802",0.586163
"GO:0009585",0.587328
"GO:1990619",0.587577
"GO:0043916",0.587797
"GO:2000214",0.588516
"GO:0006887",0.588604
"GO:0009299",0.588806
"GO:0051569",0.589342
"GO:0051128",0.58937
"GO:0080030",0.589408
"GO:0000127",0.589592
"GO:0033281",0.589684
"GO:0043953",0.589684
"GO:0019276",0.589858
"GO:0008893",0.589921
"GO:0006545",0.590204
"GO:0042937",0.590406
"GO:0007076",0.590845
"GO:0030527",0.59111
"GO:0009735",0.591155
"GO:0016274",0.59142
"GO:0001173",0.591615
"GO:0009828",0.592057
"GO:0045454",0.593054
"GO:0009832",0.593487
"GO:0045926",0.593521
"GO:0007019",0.59372
"GO:0120009",0.594062
"GO:1902387",0.594062
"GO:0048731",0.594115
"GO:0005247",0.594666
"GO:0004848",0.595503
"GO:0004177",0.595623
"GO:0005484",0.596138
"GO:0010582",0.596316
"GO:0045037",0.596451
"GO:0048856",0.59679
"GO:0044036",0.596877
"GO:0004657",0.597056
"GO:0006562",0.597056
"GO:0000164",0.597267
"GO:0030234",0.597338
"GO:0048767",0.59745
"GO:0030126",0.597572
"GO:0010098",0.597747
"GO:0019252",0.598267
"GO:0046777",0.598283
"GO:0009685",0.598713
"GO:0004806",0.598843
"GO:0008138",0.59912
"GO:0046855",0.599272
"GO:0002758",0.599639
"GO:0042732",0.599738
"GO:0004021",0.599788
"GO:0004322",0.599895
"GO:0006542",0.60042
"GO:0046488",0.60043
"GO:0080120",0.600545
"GO:0051262",0.600552
"GO:0030145",0.600595
"GO:0048578",0.600689
"GO:0006102",0.601675
"GO:0034087",0.602042
"GO:0005085",0.602187
"GO:0048825",0.603085
"GO:0071486",0.603309
"GO:0005828",0.603314
"GO:0005460",0.603431
"GO:0070417",0.603571
"GO:0046686",0.603606
"GO:0055035",0.604618
"GO:0030174",0.604627
"GO:0030150",0.604647
"GO:0051087",0.604805
"GO:1990573",0.604843
"GO:0016197",0.605402
"GO:0008171",0.605441
"GO:0048528",0.606097
"GO:1905421",0.606147
"GO:0010380",0.606381
"GO:0034219",0.606471
"GO:0005762",0.606606
"GO:0002181",0.606697
"GO:0009636",0.60696
"GO:0016759",0.606962
"GO:0006556",0.60751
"GO:0048587",0.607559
"GO:0032434",0.608061
"GO:0006438",0.608089
"GO:0009259",0.608357
"GO:0016762",0.608905
"GO:0010271",0.608938
"GO:0048878",0.609101
"GO:0022904",0.609705
"GO:0008517",0.609729
"GO:0016998",0.609899
"GO:0046786",0.609919
"GO:0045836",0.610073
"GO:0097352",0.610241
"GO:0051228",0.610241
"GO:0019438",0.610447
"GO:0045604",0.611133
"GO:2001294",0.611404
"GO:0097623",0.611453
"GO:0047746",0.611722
"GO:0006409",0.611938
"GO:0006383",0.61229
"GO:0001676",0.612294
"GO:0019148",0.612478
"GO:1901684",0.612795
"GO:0009909",0.612803
"GO:0035194",0.61314
"GO:0030490",0.613443
"GO:0051753",0.613673
"GO:0018022",0.614155
"GO:0034058",0.614316
"GO:0031347",0.614871
"GO:0071446",0.615103
"GO:0006154",0.615171
"GO:0019439",0.615296
"GO:0006421",0.615441
"GO:0048193",0.616323
"GO:0034637",0.61637
"GO:0045116",0.618359
"GO:0005875",0.618511
"GO:0006302",0.618605
"GO:0055038",0.618698
"GO:0006479",0.619313
"GO:0009698",0.619467
"GO:0055046",0.619501
"GO:0010342",0.620058
"GO:0043139",0.620206
"GO:0009051",0.620247
"GO:0045735",0.621986
"GO:0009063",0.622071
"GO:1901979",0.622161
"GO:0009073",0.622265
"GO:0055069",0.622296
"GO:0010283",0.622465
"GO:0004017",0.622543
"GO:2001006",0.622694
"GO:0006221",0.623364
"GO:0006308",0.623598
"GO:0080086",0.623673
"GO:0016125",0.62386
"GO:0071218",0.624073
"GO:0030151",0.624113
"GO:0046500",0.624685
"GO:0031201",0.625055
"GO:0031225",0.625656
"GO:0080037",0.625947
"GO:0080103",0.626126
"GO:0009504",0.626588
"GO:0034456",0.626982
"GO:0034473",0.627686
"GO:0034476",0.627686
"GO:0071042",0.627686
"GO:0070981",0.627758
"GO:0006529",0.627758
"GO:0007010",0.627833
"GO:0030599",0.628061
"GO:0031930",0.628137
"GO:0048564",0.62821
"GO:0016040",0.628326
"GO:0010605",0.628342
"GO:0017108",0.628418
"GO:0034644",0.628606
"GO:0042285",0.628617
"GO:0080051",0.628748
"GO:0050826",0.628889
"GO:0009804",0.629049
"GO:0090567",0.629076
"GO:0043157",0.629188
"GO:0006487",0.629638
"GO:0005776",0.629821
"GO:0005688",0.629977
"GO:0008705",0.630017
"GO:0030775",0.630584
"GO:0030242",0.630892
"GO:0042539",0.631409
"GO:0004034",0.631658
"GO:0016151",0.631909
"GO:0034728",0.632112
"GO:0042789",0.632112
"GO:0015078",0.632184
"GO:0005787",0.632323
"GO:0016471",0.632569
"GO:0000145",0.632751
"GO:0035250",0.632962
"GO:0016773",0.633474
"GO:0033617",0.633749
"GO:0004550",0.633762
"GO:0006047",0.634058
"GO:0007049",0.634395
"GO:0055070",0.634938
"GO:0080036",0.634969
"GO:0005751",0.635016
"GO:0009853",0.635156
"GO:0006541",0.63535
"GO:1901259",0.635409
"GO:0090065",0.637247
"GO:0009629",0.638182
"GO:0008278",0.638209
"GO:1904382",0.638232
"GO:1904380",0.638232
"GO:0043068",0.638661
"GO:0015211",0.638836
"GO:0006275",0.639358
"GO:0019563",0.639603
"GO:0008157",0.639764
"GO:0018105",0.639939
"GO:0140110",0.640357
"GO:0097501",0.640391
"GO:0051211",0.640521
"GO:0051276",0.640717
"GO:0034457",0.640737
"GO:0010521",0.641004
"GO:0009750",0.641286
"GO:0006518",0.641995
"GO:0065003",0.642206
"GO:0032784",0.642336
"GO:0010941",0.642604
"GO:0008296",0.643208
"GO:0072583",0.643286
"GO:0060321",0.643906
"GO:0005375",0.644579
"GO:0006268",0.644804
"GO:0030686",0.644844
"GO:0042218",0.645173
"GO:0005388",0.645742
"GO:0001934",0.64587
"GO:0040007",0.645925
"GO:0034214",0.646078
"GO:0061927",0.646101
"GO:0008237",0.646488
"GO:1990641",0.646664
"GO:0016573",0.647533
"GO:0034605",0.648428
"GO:0071586",0.64892
"GO:0034722",0.648987
"GO:0016208",0.648999
"GO:0010600",0.649016
"GO:0009786",0.64913
"GO:0072344",0.64928
"GO:0015934",0.649682
"GO:0071051",0.650053
"GO:0003735",0.650236
"GO:0080171",0.651003
"GO:0006631",0.651011
"GO:0006306",0.651172
"GO:0030198",0.651203
"GO:0045927",0.651361
"GO:0042752",0.651421
"GO:0015995",0.651815
"GO:0009864",0.652
"GO:0035494",0.65204
"GO:0030125",0.652111
"GO:0042578",0.652323
"GO:0046854",0.65233
"GO:0000126",0.652564
"GO:0000995",0.652564
"GO:0006521",0.652607
"GO:0033615",0.653086
"GO:0004575",0.653153
"GO:0008194",0.653235
"GO:0060918",0.653775
"GO:0034765",0.653986
"GO:0042343",0.654025
"GO:0010255",0.654457
"GO:0048575",0.654568
"GO:0019288",0.654616
"GO:0004373",0.65478
"GO:0004640",0.654943
"GO:1990170",0.654958
"GO:0080111",0.655311
"GO:0048577",0.655321
"GO:0005850",0.655525
"GO:0009523",0.656138
"GO:0003689",0.656239
"GO:0030124",0.656511
"GO:0010322",0.656968
"GO:0000062",0.657327
"GO:0032922",0.657648
"GO:0006024",0.657687
"GO:0006065",0.657687
"GO:0046739",0.658759
"GO:0048508",0.658816
"GO:0043295",0.659077
"GO:0000798",0.659116
"GO:0006730",0.659191
"GO:0043693",0.659723
"GO:0008023",0.65997
"GO:0009625",0.661076
"GO:0008422",0.661278
"GO:0097305",0.661355
"GO:0016787",0.661783
"GO:0005782",0.662151
"GO:0043495",0.662566
"GO:0009942",0.662853
"GO:0080163",0.662911
"GO:0006296",0.663503
"GO:0004712",0.663515
"GO:0004001",0.66363
"GO:0006169",0.66363
"GO:0090158",0.663805
"GO:0009925",0.663941
"GO:0015706",0.663977
"GO:0010071",0.664133
"GO:0006285",0.664189
"GO:0016303",0.664384
"GO:0050661",0.664547
"GO:0009920",0.664814
"GO:0032527",0.664875
"GO:0043455",0.664946
"GO:0015969",0.665357
"GO:0006598",0.666289
"GO:0010190",0.66645
"GO:0016104",0.666584
"GO:0070531",0.666751
"GO:0090356",0.666854
"GO:0052635",0.667319
"GO:0052793",0.667642
"GO:0006788",0.667972
"GO:0006353",0.668784
"GO:0080183",0.669357
"GO:0010100",0.669571
"GO:0006949",0.669679
"GO:0000054",0.669768
"GO:0032012",0.6699
"GO:0042631",0.670051
"GO:0044265",0.670056
"GO:0000250",0.670624
"GO:0120091",0.670756
"GO:0051512",0.671185
"GO:0006349",0.671817
"GO:0055087",0.672024
"GO:0070478",0.672024
"GO:0006446",0.67225
"GO:0009738",0.673377
"GO:0032483",0.673422
"GO:0047259",0.673548
"GO:0051568",0.673567
"GO:0005096",0.673617
"GO:0042344",0.673656
"GO:0006107",0.673755
"GO:2000694",0.673958
"GO:0046922",0.67475
"GO:0036066",0.67475
"GO:0009922",0.674796
"GO:0031428",0.674914
"GO:0031901",0.675112
"GO:0019441",0.675639
"GO:0004614",0.675687
"GO:0019632",0.675747
"GO:0102786",0.676262
"GO:0034768",0.676498
"GO:0006491",0.676966
"GO:0071786",0.677041
"GO:1905499",0.677146
"GO:0004634",0.67725
"GO:0008441",0.677763
"GO:0016925",0.677927
"GO:0051365",0.678405
"GO:0042147",0.678786
"GO:2000028",0.679339
"GO:0003725",0.679396
"GO:0010295",0.679663
"GO:0048029",0.679785
"GO:0016149",0.679793
"GO:0010198",0.680073
"GO:0009574",0.680275
"GO:0046177",0.680422
"GO:0032050",0.680566
"GO:0032468",0.680735
"GO:0032472",0.680735
"GO:0007129",0.680754
"GO:0047196",0.68092
"GO:0102966",0.68092
"GO:0004652",0.681306
"GO:0030875",0.681648
"GO:0008106",0.681923
"GO:0045491",0.682439
"GO:0006405",0.682589
"GO:0009082",0.682714
"GO:0007205",0.683271
"GO:0070588",0.68471
"GO:0015858",0.684739
"GO:0034472",0.684959
"GO:0070475",0.6857
"GO:0016717",0.688842
"GO:0000447",0.68932
"GO:1990110",0.689439
"GO:0098532",0.689581
"GO:0045995",0.689603
"GO:0016607",0.689637
"GO:0097054",0.689751
"GO:0046246",0.689939
"GO:0019374",0.689964
"GO:0016020",0.690077
"GO:1901565",0.690149
"GO:0005956",0.690512
"GO:0006654",0.691107
"GO:0006869",0.691217
"GO:0042908",0.691613
"GO:0090114",0.692053
"GO:0042545",0.692395
"GO:0006298",0.692477
"GO:0045324",0.693052
"GO:0009251",0.693182
"GO:1901527",0.693591
"GO:0004713",0.69367
"GO:1990269",0.694276
"GO:0043086",0.694281
"GO:0004559",0.694354
"GO:0045132",0.694518
"GO:0090406",0.695454
"GO:0015030",0.696468
"GO:0004365",0.6966
"GO:0004715",0.697565
"GO:0045839",0.697799
"GO:0016363",0.697867
"GO:0030865",0.698451
"GO:0010028",0.698724
"GO:0001405",0.699549
"GO:0016410",0.700066
"GO:0004565",0.701033
"GO:0045487",0.701583
"GO:0043970",0.701863
"GO:0034426",0.702365
"GO:0042149",0.702514
"GO:0046982",0.703175
"GO:0006661",0.703322
"GO:0047274",0.703478
"GO:0030970",0.703732
"GO:0000904",0.703809
"GO:0048358",0.703819
"GO:0006406",0.703956
"GO:0005798",0.70397
"GO:0070481",0.704701
"GO:0051016",0.704772
"GO:1902289",0.705079
"GO:0016045",0.705129
"GO:0005854",0.705207
"GO:0042761",0.705649
"GO:0010426",0.70576
"GO:0042735",0.70599
"GO:0042721",0.706503
"GO:1902066",0.706524
"GO:1900034",0.706703
"GO:0005764",0.706806
"GO:0045252",0.706807
"GO:0006538",0.706962
"GO:0048765",0.707071
"GO:0006388",0.707098
"GO:0042759",0.707391
"GO:0043023",0.707907
"GO:0009884",0.709769
"GO:0006282",0.710895
"GO:0045003",0.710947
"GO:0016308",0.71118
"GO:0031667",0.711267
"GO:1900459",0.711547
"GO:0009850",0.712706
"GO:0031348",0.71354
"GO:0008453",0.713543
"GO:0004742",0.713685
"GO:0016556",0.713872
"GO:0004563",0.713967
"GO:0032981",0.714847
"GO:0032790",0.714943
"GO:0004791",0.715138
"GO:0010617",0.715205
"GO:0071421",0.715762
"GO:0042023",0.71625
"GO:0000118",0.716295
"GO:0046417",0.716532
"GO:0004392",0.716632
"GO:0046933",0.716879
"GO:0000413",0.71695
"GO:0003006",0.717213
"GO:0016788",0.717228
"GO:0012505",0.717486
"GO:0004564",0.717856
"GO:0006283",0.717916
"GO:0006085",0.71843
"GO:0008017",0.718743
"GO:0042254",0.718841
"GO:0000479",0.719291
"GO:0031591",0.720449
"GO:0000418",0.720621
"GO:0005664",0.720778
"GO:0051762",0.721095
"GO:0000213",0.721159
"GO:0004519",0.721233
"GO:0035067",0.721708
"GO:0048759",0.722095
"GO:0051865",0.722506
"GO:0070918",0.722666
"GO:0000012",0.723718
"GO:0061025",0.723736
"GO:0070042",0.724511
"GO:0046283",0.724637
"GO:0033674",0.724658
"GO:0004620",0.725139
"GO:0010438",0.725878
"GO:0015629",0.725988
"GO:0009534",0.726778
"GO:0035265",0.726844
"GO:0010222",0.726876
"GO:0004568",0.727167
"GO:0031060",0.727283
"GO:0051213",0.727823
"GO:0009788",0.727935
"GO:0071712",0.728353
"GO:0001732",0.728395
"GO:0009360",0.729136
"GO:0009807",0.729294
"GO:0006955",0.729835
"GO:0046621",0.730099
"GO:0006086",0.730721
"GO:0004197",0.730811
"GO:0017053",0.731031
"GO:1990414",0.731076
"GO:0035098",0.731118
"GO:0005789",0.731257
"GO:0051259",0.731438
"GO:0043617",0.73172
"GO:0010229",0.731751
"GO:0010019",0.731888
"GO:0006753",0.731938
"GO:0051536",0.732339
"GO:0008970",0.732403
"GO:0010289",0.732883
"GO:0009846",0.732896
"GO:0051091",0.733327
"GO:0006906",0.733546
"GO:0009368",0.733764
"GO:0071585",0.734116
"GO:0046658",0.734327
"GO:0043153",0.735183
"GO:0015112",0.735203
"GO:0004103",0.735285
"GO:0005615",0.735434
"GO:0003774",0.73545
"GO:0008615",0.736014
"GO:0009524",0.736123
"GO:0006526",0.736248
"GO:0060776",0.737006
"GO:0009413",0.737207
"GO:0051020",0.7373
"GO:0031167",0.737402
"GO:0010223",0.737543
"GO:0006333",0.73759
"GO:0008378",0.738168
"GO:0030133",0.738294
"GO:0008474",0.738711
"GO:0046910",0.740115
"GO:0090691",0.740503
"GO:0015140",0.740844
"GO:0048437",0.740901
"GO:0070072",0.741034
"GO:0004813",0.741077
"GO:0006419",0.741077
"GO:0009969",0.741144
"GO:0047372",0.741244
"GO:0008878",0.741808
"GO:0009975",0.742248
"GO:0001653",0.742531
"GO:0097428",0.742607
"GO:0045271",0.742721
"GO:0000266",0.743353
"GO:0055088",0.743377
"GO:1900425",0.74408
"GO:0006568",0.744715
"GO:0015301",0.744808
"GO:0031902",0.745011
"GO:0009927",0.745342
"GO:0000911",0.745991
"GO:0017116",0.746323
"GO:0034511",0.746373
"GO:0031418",0.74697
"GO:0007064",0.747273
"GO:0006720",0.747465
"GO:0071702",0.7476
"GO:0009741",0.748326
"GO:0017148",0.748503
"GO:0009612",0.748571
"GO:0006379",0.748578
"GO:0008094",0.749307
"GO:0010109",0.749563
"GO:0008356",0.749582
"GO:0042138",0.749618
"GO:0000160",0.749903
"GO:0004506",0.749904
"GO:0010155",0.749997
"GO:0000146",0.750592
"GO:0042744",0.750638
"GO:0006450",0.751079
"GO:0010263",0.751266
"GO:0009606",0.751511
"GO:0005730",0.751612
"GO:0003676",0.751864
"GO:0016985",0.752259
"GO:0012507",0.75272
"GO:0003688",0.752747
"GO:1900366",0.753377
"GO:0009694",0.75455
"GO:1905392",0.754592
"GO:1901006",0.755172
"GO:0098542",0.75608
"GO:0000045",0.756433
"GO:2000762",0.756702
"GO:0080170",0.757139
"GO:0048268",0.757175
"GO:0010133",0.757879
"GO:0070919",0.757904
"GO:0010106",0.757907
"GO:0042800",0.75813
"GO:0048026",0.758474
"GO:1990837",0.759205
"GO:0006537",0.75957
"GO:0045787",0.759715
"GO:2001020",0.760025
"GO:0004127",0.760303
"GO:0006904",0.760529
"GO:0010230",0.760779
"GO:0010311",0.760962
"GO:0005770",0.761125
"GO:0045300",0.761182
"GO:0043621",0.761557
"GO:2000026",0.762239
"GO:0015299",0.76314
"GO:0006722",0.763445
"GO:0006655",0.763609
"GO:0001682",0.763967
"GO:0004526",0.763967
"GO:0010093",0.764245
"GO:0009866",0.764427
"GO:0005654",0.764777
"GO:0040029",0.764833
"GO:0010629",0.765113
"GO:0051731",0.765835
"GO:1902000",0.765919
"GO:0019760",0.765954
"GO:0070402",0.765993
"GO:0008417",0.766053
"GO:0005643",0.766093
"GO:1900865",0.766262
"GO:0080003",0.766304
"GO:0080001",0.76644
"GO:0010598",0.76665
"GO:0031985",0.767337
"GO:0071370",0.767564
"GO:0044877",0.76789
"GO:0000502",0.768349
"GO:0048830",0.768731
"GO:0052742",0.768747
"GO:0007389",0.76875
"GO:0016758",0.769012
"GO:0004553",0.769022
"GO:0030433",0.769222
"GO:0006164",0.769722
"GO:0070676",0.770272
"GO:0000794",0.770577
"GO:0048579",0.7712
"GO:0031123",0.771202
"GO:0051302",0.771341
"GO:0009538",0.771689
"GO:0000796",0.771816
"GO:0006739",0.771851
"GO:0006629",0.772306
"GO:0004473",0.772551
"GO:0006561",0.772644
"GO:0008964",0.773364
"GO:0003977",0.773535
"GO:0048478",0.773662
"GO:0048236",0.7738
"GO:0008506",0.773828
"GO:0016310",0.774091
"GO:0015904",0.774255
"GO:0006635",0.77444
"GO:0042592",0.77446
"GO:0010569",0.774815
"GO:0033683",0.775175
"GO:0010427",0.77528
"GO:0031588",0.776061
"GO:0016024",0.776088
"GO:0005783",0.776328
"GO:0010218",0.776514
"GO:0006418",0.776627
"GO:0005811",0.776798
"GO:0009089",0.776916
"GO:0007052",0.776975
"GO:0102721",0.777032
"GO:0106292",0.777032
"GO:2000652",0.777072
"GO:0042594",0.777104
"GO:0006812",0.777206
"GO:0006857",0.777292
"GO:0004497",0.777687
"GO:0006900",0.777848
"GO:0004364",0.778204
"GO:0002682",0.778366
"GO:0005840",0.778518
"GO:0004534",0.778781
"GO:0080143",0.778925
"GO:0044613",0.77903
"GO:0004805",0.779282
"GO:2000241",0.779385
"GO:0009407",0.779637
"GO:0005736",0.779781
"GO:0007094",0.780023
"GO:0000462",0.780635
"GO:0006415",0.780772
"GO:0102420",0.781604
"GO:0009704",0.781891
"GO:0031314",0.782257
"GO:0004315",0.782654
"GO:0005768",0.783295
"GO:0000974",0.783298
"GO:0033499",0.783328
"GO:1901149",0.783441
"GO:0010188",0.78359
"GO:0005845",0.783786
"GO:0030048",0.784501
"GO:0009959",0.784587
"GO:0070062",0.784721
"GO:0000938",0.785141
"GO:0010017",0.785193
"GO:0046345",0.786093
"GO:0009871",0.786463
"GO:0009960",0.786763
"GO:0005737",0.786819
"GO:0043596",0.786885
"GO:0016760",0.786901
"GO:0070370",0.787135
"GO:0008948",0.787205
"GO:0005834",0.787311
"GO:0071035",0.787716
"GO:0017025",0.78819
"GO:0016602",0.788301
"GO:0004045",0.788339
"GO:0003883",0.788497
"GO:0006228",0.788624
"GO:0016485",0.789056
"GO:0045935",0.789095
"GO:0070125",0.789391
"GO:0008097",0.789553
"GO:0008168",0.789554
"GO:0045814",0.7896
"GO:0046907",0.78976
"GO:0070273",0.789921
"GO:0006783",0.790229
"GO:0046923",0.79028
"GO:0000956",0.790511
"GO:0031048",0.791584
"GO:0010005",0.791916
"GO:0005242",0.792204
"GO:0009684",0.79243
"GO:0080027",0.792441
"GO:0005847",0.792529
"GO:0006508",0.793118
"GO:0000492",0.793123
"GO:0048278",0.793137
"GO:0042255",0.793326
"GO:0017110",0.795002
"GO:0008219",0.795032
"GO:0048364",0.795383
"GO:0048497",0.795553
"GO:0000379",0.795567
"GO:0003682",0.795671
"GO:0048609",0.795682
"GO:1990538",0.796309
"GO:0051127",0.796934
"GO:0010329",0.797442
"GO:0009773",0.797674
"GO:1990879",0.797934
"GO:0043066",0.798048
"GO:0072659",0.798158
"GO:0010206",0.798923
"GO:0031209",0.798996
"GO:0009856",0.79907
"GO:0051603",0.799199
"GO:0031573",0.7993
"GO:0004345",0.799491
"GO:0008324",0.799507
"GO:0008083",0.799508
"GO:0006623",0.799589
"GO:0000445",0.799593
"GO:0006810",0.800565
"GO:0030244",0.801024
"GO:0046373",0.80109
"GO:2000033",0.801111
"GO:0031492",0.801672
"GO:0030332",0.802676
"GO:1903830",0.803712
"GO:0071932",0.803806
"GO:0006336",0.804019
"GO:0015204",0.804066
"GO:0043247",0.804244
"GO:0010154",0.804702
"GO:0005813",0.80486
"GO:0009435",0.805521
"GO:0035195",0.805654
"GO:0033962",0.805716
"GO:0031324",0.805888
"GO:0003723",0.805892
"GO:1900458",0.806702
"GO:0015693",0.807766
"GO:0004857",0.809211
"GO:0033612",0.809237
"GO:0031204",0.809265
"GO:0010073",0.809477
"GO:0006536",0.809638
"GO:0019748",0.810547
"GO:0046654",0.810747
"GO:0031461",0.810778
"GO:0009011",0.811044
"GO:0009062",0.811489
"GO:0000289",0.812037
"GO:0072330",0.812151
"GO:0018822",0.81236
"GO:0009561",0.812434
"GO:0010449",0.81343
"GO:0004838",0.813704
"GO:0000278",0.814101
"GO:0010075",0.814129
"GO:1900369",0.814483
"GO:0000339",0.814984
"GO:0031110",0.815635
"GO:0009772",0.815755
"GO:0007098",0.816373
"GO:0009863",0.816514
"GO:0015031",0.81705
"GO:0006517",0.817206
"GO:0032934",0.817467
"GO:0031369",0.818475
"GO:0006334",0.818885
"GO:0044085",0.819063
"GO:0009620",0.819423
"GO:0048354",0.819477
"GO:0016688",0.819507
"GO:0071395",0.820137
"GO:0032787",0.820463
"GO:0001522",0.820625
"GO:0009957",0.821043
"GO:0033320",0.821092
"GO:0010077",0.821357
"GO:0016459",0.82143
"GO:0017070",0.821449
"GO:0006241",0.821511
"GO:0006563",0.821769
"GO:0061640",0.822365
"GO:0015297",0.822492
"GO:0030246",0.822724
"GO:0042406",0.822909
"GO:0009584",0.823132
"GO:0015368",0.823323
"GO:0009860",0.823765
"GO:0004305",0.823888
"GO:0010021",0.823954
"GO:0030643",0.824393
"GO:0048574",0.824429
"GO:0000793",0.824665
"GO:0052546",0.824766
"GO:0004386",0.824801
"GO:2000067",0.825534
"GO:0072546",0.826188
"GO:0009790",0.82626
"GO:0048571",0.826463
"GO:0051782",0.826531
"GO:0033044",0.826657
"GO:0030628",0.826842
"GO:0019745",0.827072
"GO:0006863",0.827769
"GO:0042793",0.827934
"GO:1990714",0.828297
"GO:0031425",0.828516
"GO:0005451",0.829666
"GO:0030139",0.830532
"GO:0001228",0.830709
"GO:0009423",0.831136
"GO:0033540",0.831365
"GO:0010587",0.831533
"GO:0017196",0.83231
"GO:0048280",0.832953
"GO:0042430",0.833177
"GO:0031956",0.833307
"GO:0004430",0.833378
"GO:0004849",0.833657
"GO:0010411",0.834642
"GO:0009543",0.835219
"GO:0018119",0.836319
"GO:0010369",0.836517
"GO:0010256",0.836928
"GO:0031380",0.837041
"GO:0043967",0.837092
"GO:0042446",0.837174
"GO:0044272",0.837628
"GO:0043412",0.837649
"GO:0042393",0.837702
"GO:0030976",0.837891
"GO:1901615",0.838596
"GO:0030136",0.838705
"GO:0008526",0.83916
"GO:0023052",0.839901
"GO:2000038",0.840641
"GO:0033588",0.840936
"GO:0009627",0.84106
"GO:0042128",0.841327
"GO:0003906",0.841648
"GO:0090447",0.842008
"GO:0009904",0.842071
"GO:0007131",0.842236
"GO:0051410",0.842346
"GO:0010252",0.842537
"GO:0043001",0.842975
"GO:0006874",0.843745
"GO:0048317",0.843917
"GO:0009695",0.844056
"GO:2000122",0.844231
"GO:0042176",0.844387
"GO:0035196",0.844804
"GO:0005991",0.844913
"GO:0010087",0.845718
"GO:0097526",0.84584
"GO:0005992",0.84601
"GO:0010115",0.846038
"GO:0009707",0.846059
"GO:0006555",0.846227
"GO:0030050",0.846251
"GO:0003989",0.846368
"GO:0003997",0.847328
"GO:0071695",0.848568
"GO:0030007",0.848718
"GO:0006002",0.848928
"GO:0003727",0.849044
"GO:0042645",0.849229
"GO:0051539",0.849785
"GO:0009749",0.850074
"GO:0032786",0.850488
"GO:0005215",0.851015
"GO:0042651",0.851031
"GO:0005794",0.851259
"GO:0005982",0.85293
"GO:0006531",0.85319
"GO:0006103",0.85319
"GO:0005983",0.853359
"GO:0035304",0.854369
"GO:0004816",0.854432
"GO:1902358",0.854489
"GO:2000601",0.854808
"GO:0044211",0.855201
"GO:0009555",0.855555
"GO:0005747",0.856281
"GO:0044210",0.857121
"GO:0000987",0.858493
"GO:0006261",0.858506
"GO:0016161",0.858787
"GO:0005657",0.85884
"GO:0019856",0.859095
"GO:0008327",0.859175
"GO:0009833",0.859233
"GO:0031297",0.859247
"GO:0061809",0.859591
"GO:0051315",0.859612
"GO:0019676",0.859628
"GO:0000326",0.859805
"GO:2001141",0.860299
"GO:0008483",0.860625
"GO:0004535",0.860745
"GO:0034991",0.86085
"GO:0090575",0.861192
"GO:0015369",0.861327
"GO:0030173",0.861587
"GO:0089701",0.861825
"GO:1900140",0.862296
"GO:0006816",0.862327
"GO:0055028",0.862394
"GO:0080092",0.862465
"GO:0007267",0.862592
"GO:0046700",0.863109
"GO:0044270",0.863109
"GO:0055062",0.863155
"GO:0009527",0.863334
"GO:0051156",0.863346
"GO:0010264",0.863435
"GO:0010067",0.864104
"GO:0016298",0.864528
"GO:0010243",0.864572
"GO:0000036",0.864875
"GO:0009099",0.865448
"GO:0006183",0.865907
"GO:0008266",0.865986
"GO:0009903",0.866343
"GO:0018401",0.866365
"GO:0004656",0.866365
"GO:0000347",0.866667
"GO:0007005",0.866668
"GO:0042273",0.867277
"GO:0007264",0.867599
"GO:0003747",0.867697
"GO:0006289",0.867742
"GO:0019887",0.867801
"GO:0004659",0.868221
"GO:0070905",0.86877
"GO:0016251",0.868846
"GO:0006892",0.869483
"GO:0000003",0.869512
"GO:0048586",0.869632
"GO:0080175",0.870271
"GO:0019430",0.870351
"GO:0016132",0.87041
"GO:0009696",0.870425
"GO:0048441",0.87051
"GO:0032880",0.870637
"GO:0003886",0.871225
"GO:0015996",0.871253
"GO:0016987",0.871419
"GO:0005788",0.871579
"GO:0009787",0.87163
"GO:0010274",0.871708
"GO:0005504",0.871861
"GO:0006325",0.872379
"GO:0010929",0.872412
"GO:0045490",0.872424
"GO:0009639",0.872683
"GO:0045732",0.87297
"GO:0080147",0.874292
"GO:0019287",0.874342
"GO:0015386",0.874964
"GO:0035619",0.875688
"GO:0051607",0.876338
"GO:0000774",0.876931
"GO:0009569",0.876937
"GO:0003924",0.877486
"GO:0000257",0.877774
"GO:0010102",0.878354
"GO:0005874",0.878836
"GO:0007275",0.878987
"GO:0019375",0.879573
"GO:0003954",0.879809
"GO:0045723",0.880437
"GO:0008272",0.880453
"GO:0006898",0.880551
"GO:0006397",0.880593
"GO:0032977",0.881426
"GO:0030154",0.881459
"GO:0042542",0.88163
"GO:0030041",0.881858
"GO:0034098",0.882261
"GO:0080028",0.882421
"GO:0006974",0.882679
"GO:0000166",0.883611
"GO:0010646",0.883842
"GO:0006396",0.884124
"GO:0009558",0.884802
"GO:0009926",0.884857
"GO:0008333",0.884991
"GO:0097602",0.885232
"GO:0000394",0.885694
"GO:0004427",0.886148
"GO:0044614",0.886278
"GO:0010315",0.886358
"GO:0015020",0.886374
"GO:0009902",0.887273
"GO:0006116",0.887348
"GO:0009097",0.887508
"GO:0000914",0.887549
"GO:0010225",0.88757
"GO:0071277",0.887833
"GO:0035556",0.887835
"GO:0010358",0.887953
"GO:0010565",0.887969
"GO:0012501",0.888172
"GO:0030422",0.88829
"GO:0000027",0.888686
"GO:0047617",0.8887
"GO:0051205",0.889297
"GO:0030036",0.889408
"GO:0006796",0.889723
"GO:0009733",0.889762
"GO:0048235",0.890024
"GO:0005459",0.890225
"GO:0051123",0.890284
"GO:1901001",0.890814
"GO:0016799",0.890814
"GO:0006885",0.891921
"GO:0000165",0.892748
"GO:1902975",0.892942
"GO:0071038",0.893304
"GO:0000781",0.893847
"GO:0051646",0.893876
"GO:0050665",0.894054
"GO:0080156",0.894132
"GO:0000077",0.89425
"GO:0005253",0.895086
"GO:0070122",0.89583
"GO:0006464",0.896118
"GO:0003730",0.896558
"GO:0031966",0.89683
"GO:0032876",0.897105
"GO:0009306",0.897499
"GO:0003918",0.89768
"GO:0004031",0.897691
"GO:0003968",0.897741
"GO:0061077",0.898053
"GO:0031464",0.898282
"GO:0061087",0.898463
"GO:0008320",0.89851
"GO:0051131",0.898797
"GO:0032776",0.89929
"GO:0009247",0.900246
"GO:2000014",0.900265
"GO:0005905",0.90061
"GO:0034052",0.900663
"GO:0008024",0.900669
"GO:0008081",0.900693
"GO:0090558",0.900733
"GO:0010231",0.900798
"GO:2000904",0.900936
"GO:0050135",0.901155
"GO:0006032",0.901594
"GO:0010023",0.901768
"GO:0031053",0.901931
"GO:0080141",0.902044
"GO:0000049",0.902318
"GO:0045036",0.902388
"GO:0005516",0.902429
"GO:0005885",0.902518
"GO:0032508",0.902624
"GO:0018258",0.903232
"GO:0045292",0.903326
"GO:0000467",0.903508
"GO:0034990",0.903603
"GO:0005545",0.903755
"GO:0006821",0.903773
"GO:0006414",0.903858
"GO:0008271",0.904195
"GO:0006616",0.904432
"GO:0005345",0.904536
"GO:0010114",0.904752
"GO:0007130",0.905125
"GO:0010208",0.905133
"GO:0030170",0.905432
"GO:0009451",0.905945
"GO:0007015",0.906111
"GO:0035267",0.906381
"GO:0017157",0.906673
"GO:0016746",0.906853
"GO:0044209",0.90688
"GO:0000302",0.907049
"GO:0006790",0.907357
"GO:1905393",0.907653
"GO:0000105",0.90892
"GO:0009697",0.909003
"GO:0030497",0.909254
"GO:0010207",0.909309
"GO:0006457",0.909673
"GO:0008374",0.910161
"GO:0009408",0.910166
"GO:0015743",0.91055
"GO:0008066",0.910945
"GO:0005217",0.910945
"GO:0006401",0.911113
"GO:0016584",0.911246
"GO:0006574",0.911519
"GO:0010817",0.912595
"GO:0005876",0.912891
"GO:0002237",0.913196
"GO:0046872",0.913223
"GO:0000398",0.913293
"GO:0007163",0.913416
"GO:0001510",0.913579
"GO:0005832",0.913596
"GO:0006734",0.91428
"GO:0030127",0.91429
"GO:0005978",0.914416
"GO:0009570",0.914518
"GO:0033179",0.91509
"GO:0004252",0.915458
"GO:0032456",0.915675
"GO:0006749",0.915826
"GO:0032511",0.915911
"GO:0006896",0.916141
"GO:0010197",0.916491
"GO:0005819",0.916803
"GO:0015145",0.916827
"GO:0009294",0.917183
"GO:2001295",0.917872
"GO:0005694",0.917876
"GO:0010306",0.91829
"GO:0010268",0.91876
"GO:0034314",0.919279
"GO:0006048",0.919721
"GO:0000149",0.920205
"GO:0007231",0.92023
"GO:0035252",0.920309
"GO:0009628",0.921216
"GO:0004069",0.92135
"GO:0009691",0.921575
"GO:0016070",0.921867
"GO:0010244",0.922009
"GO:0009654",0.922444
"GO:0030140",0.922469
"GO:0000285",0.922478
"GO:0043666",0.92272
"GO:0010305",0.922951
"GO:0008236",0.923001
"GO:0005985",0.923608
"GO:0000304",0.923752
"GO:0003729",0.923827
"GO:0046688",0.923885
"GO:0006817",0.92423
"GO:0045492",0.924613
"GO:0031410",0.925344
"GO:0019752",0.925903
"GO:0010182",0.926187
"GO:0010103",0.926458
"GO:0000124",0.927055
"GO:0051013",0.927284
"GO:0008352",0.927284
"GO:0052544",0.927346
"GO:0032991",0.927596
"GO:0010262",0.927694
"GO:0033386",0.927853
"GO:0009658",0.928501
"GO:0071417",0.928882
"GO:0070897",0.928962
"GO:0006486",0.929077
"GO:0010167",0.929398
"GO:0080032",0.929761
"GO:0080031",0.929761
"GO:0010405",0.93012
"GO:0033314",0.93061
"GO:0016441",0.930617
"GO:0006606",0.930853
"GO:0010183",0.931589
"GO:0015630",0.932637
"GO:0010014",0.932743
"GO:0035999",0.932877
"GO:0016811",0.933154
"GO:0010029",0.933243
"GO:0009116",0.933315
"GO:0006006",0.933501
"GO:0098719",0.933502
"GO:0019899",0.93468
"GO:0015935",0.934884
"GO:0015385",0.935102
"GO:0051879",0.935122
"GO:0071470",0.935167
"GO:0008173",0.935202
"GO:0046394",0.935735
"GO:0008284",0.935991
"GO:0010008",0.936036
"GO:0005635",0.936124
"GO:0016018",0.936616
"GO:0042626",0.936831
"GO:0009809",0.937
"GO:0048367",0.93714
"GO:0090116",0.937472
"GO:0000419",0.93771
"GO:0071949",0.937778
"GO:0042440",0.938326
"GO:0090708",0.939149
"GO:0010143",0.940116
"GO:0097550",0.940411
"GO:0048638",0.940548
"GO:0042538",0.940628
"GO:0010492",0.94086
"GO:0005249",0.941228
"GO:0004298",0.941575
"GO:0071249",0.941685
"GO:0009642",0.94201
"GO:0000822",0.943104
"GO:0016705",0.943191
"GO:0010162",0.943877
"GO:0006120",0.944255
"GO:0042435",0.944336
"GO:0038023",0.945309
"GO:0000055",0.945719
"GO:0000139",0.945997
"GO:0016829",0.946085
"GO:0042372",0.946819
"GO:0071944",0.94701
"GO:0004372",0.947157
"GO:0004525",0.948377
"GO:0008033",0.948449
"GO:0016779",0.948643
"GO:0060560",0.948871
"GO:0009933",0.948905
"GO:0010424",0.948939
"GO:0022622",0.949079
"GO:0006515",0.949349
"GO:0019903",0.949388
"GO:0008810",0.949771
"GO:0019774",0.95014
"GO:0065008",0.95022
"GO:0019762",0.950708
"GO:0006552",0.951088
"GO:0015276",0.951159
"GO:0060548",0.951873
"GO:0009767",0.951878
"GO:0009740",0.951889
"GO:0090110",0.95241
"GO:0000930",0.952493
"GO:0005669",0.952729
"GO:0006488",0.952844
"GO:0031359",0.952924
"GO:0009378",0.953041
"GO:0031267",0.953082
"GO:0009616",0.953196
"GO:0009411",0.953201
"GO:0016554",0.953324
"GO:0002239",0.953444
"GO:0032543",0.953596
"GO:0006270",0.954269
"GO:0017056",0.954272
"GO:0010286",0.955178
"GO:0009705",0.955349
"GO:0004337",0.955503
"GO:0071007",0.9556
"GO:0008559",0.955998
"GO:0045010",0.956302
"GO:0000922",0.956463
"GO:0090305",0.956544
"GO:0048471",0.956556
"GO:0000463",0.956992
"GO:0005665",0.957322
"GO:0009941",0.957587
"GO:0015116",0.957593
"GO:0048544",0.957603
"GO:0042910",0.95785
"GO:1901657",0.958007
"GO:0006352",0.958187
"GO:0032956",0.958378
"GO:0046655",0.958463
"GO:0019264",0.958463
"GO:0006565",0.958463
"GO:0015248",0.958667
"GO:0048438",0.958728
"GO:0008541",0.95881
"GO:0015749",0.958999
"GO:0010227",0.959022
"GO:0004842",0.959085
"GO:0000993",0.959196
"GO:0050897",0.959533
"GO:0140359",0.959667
"GO:0070290",0.960065
"GO:0080115",0.960101
"GO:0016514",0.960124
"GO:0010015",0.960608
"GO:0009231",0.961166
"GO:0071333",0.961295
"GO:0004527",0.961513
"GO:0019827",0.961677
"GO:0033384",0.961813
"GO:0006914",0.962607
"GO:0009718",0.962979
"GO:0009970",0.963016
"GO:0043231",0.963062
"GO:0048869",0.963655
"GO:0005216",0.963965
"GO:0045053",0.964823
"GO:0009793",0.965006
"GO:0010942",0.96515
"GO:0032979",0.965335
"GO:0071230",0.965598
"GO:0045337",0.965642
"GO:0048588",0.96631
"GO:0008360",0.966397
"GO:0006259",0.966563
"GO:0045910",0.966789
"GO:0004311",0.966917
"GO:0000338",0.967165
"GO:0071014",0.967314
"GO:0005795",0.967829
"GO:0016157",0.967987
"GO:0080044",0.968255
"GO:0006281",0.968312
"GO:0006886",0.968479
"GO:0043966",0.968531
"GO:2000113",0.968704
"GO:0008299",0.968803
"GO:0010165",0.968976
"GO:0004029",0.968996
"GO:0019905",0.969193
"GO:0022625",0.969224
"GO:0019722",0.969803
"GO:0004683",0.970289
"GO:0006264",0.970479
"GO:0006145",0.970757
"GO:0006559",0.971236
"GO:0000175",0.971374
"GO:0020037",0.971545
"GO:0006656",0.971918
"GO:0046527",0.971962
"GO:0007020",0.972409
"GO:0009791",0.972695
"GO:0015937",0.972823
"GO:0048658",0.973854
"GO:0051253",0.973871
"GO:0051017",0.97393
"GO:0009931",0.974066
"GO:0004161",0.974381
"GO:0002161",0.974504
"GO:0046540",0.974778
"GO:0003678",0.975771
"GO:0003697",0.976384
"GO:0010038",0.976451
"GO:0005856",0.976697
"GO:0050821",0.977358
"GO:0000070",0.977837
"GO:0030091",0.978207
"GO:0009098",0.978291
"GO:0010928",0.97859
"GO:0003777",0.978781
"GO:0009648",0.979022
"GO:0051172",0.979595
"GO:0016616",0.979783
"GO:0009657",0.980036
"GO:0035251",0.980078
"GO:0008654",0.980367
"GO:0009395",0.98048
"GO:0008180",0.980501
"GO:0046653",0.980941
"GO:0009699",0.980942
"GO:0035091",0.981262
"GO:0008289",0.981526
"GO:0015144",0.981759
"GO:1990961",0.981959
"GO:0005763",0.982016
"GO:0007034",0.982161
"GO:0009686",0.982367
"GO:0022607",0.982601
"GO:0007018",0.982879
"GO:0006367",0.982935
"GO:0070971",0.983024
"GO:0000245",0.983973
"GO:0045824",0.983993
"GO:0051015",0.984065
"GO:0030570",0.9843
"GO:0005975",0.984534
"GO:0006310",0.984571
"GO:0004630",0.98478
"GO:0007033",0.984826
"GO:0042162",0.984914
"GO:0030176",0.985039
"GO:0008234",0.985214
"GO:0009631",0.985558
"GO:0048229",0.986556
"GO:0048827",0.986802
"GO:0006520",0.986805
"GO:0016036",0.986981
"GO:0006865",0.987238
"GO:0005871",0.987285
"GO:0030148",0.987575
"GO:0031305",0.987891
"GO:0000812",0.988509
"GO:0010319",0.989354
"GO:0031408",0.98973
"GO:0005852",0.989754
"GO:0009958",0.990724
"GO:0080043",0.991809
"GO:0042973",0.992154
"GO:0003824",0.992479
"GO:0005759",0.99261
"GO:0010267",0.992894
"GO:0005681",0.992928
"GO:0031010",0.993037
"GO:0048589",0.994876
"GO:0019898",0.9955
"GO:0009507",0.99615
"GO:0003843",0.996404
"GO:0000148",0.996404
"GO:0006075",0.996404
"GO:0015994",0.996644
"GO:0006499",0.996989
"GO:0009536",0.997001
"GO:0016757",0.997015
"GO:0005262",0.997047
"GO:0010216",0.997121
"GO:0055085",0.997152
"GO:0006378",0.99719
"GO:0005319",0.997359
"GO:0006506",0.997645
"GO:0009911",0.99843
"GO:0005506",0.998576
"GO:0051225",0.998826
"GO:0042644",0.999168
"GO:0009888",0.999235
"GO:0006260",0.999398
"GO:0003887",0.999944
"GO:0022857",0.999996
"GO:0016709",0.999997
